{
  "ancillaryWindowsAppearance": {
    "commentariesBalloonSizePercentage": 80,
    "commentariesWindowSizePercentage": 200,
    "controlButtonsMaxTextSize": 25.0,
    "devotionsWindowSizePercentage": 120,
    "dictionaryWindowSizePercentage": 70,
    "dropdownListTextSize": 16.0,
    "fontName": "FiraSans-Book",
    "foundTextHighlightingColor": "#3daab9",
    "isBookSelectionColorHighlighted": true,
    "isDefaultDropdownListTextSize": true,
    "isLimitingControlButtonsTextSize": true,
    "listAncillaryTextColor": "#a0a0a0",
    "listFontName": "FiraSans-Light",
    "listHyperlinkColor": "#75f3a5",
    "listTextSize": 17.5,
    "notesWindowSizePercentage": 80,
    "popupBackgroundColor": {
      "dayColorString": "#f8f6ee",
      "nightColorString": "#302010"
    },
    "textColor": {
      "dayColorString": "#000000",
      "nightColorString": "#e7e7e7"
    },
    "textHighlightColor1": {
      "dayColorString": "#ae0000",
      "nightColorString": "#a66749"
    },
    "textHighlightColor2": {
      "dayColorString": "#009823",
      "nightColorString": "#787a00"
    },
    "textHighlightColor3": {
      "dayColorString": "#3826ad",
      "nightColorString": "#009797"
    },
    "textHighlightColor4": {
      "dayColorString": "#d63ad6",
      "nightColorString": "#c0c0ff"
    },
    "textHighlightColor5": {
      "dayColorString": "#707070",
      "nightColorString": "#686868"
    },
    "textSize": 17.5,
    "windowBackgroundColor": {
      "dayColorString": "#ffffff",
      "nightColorString": "#111111"
    }
  },
  "bibleTextAppearance": {
    "activatedHyperlinkBackgroundColor": {
      "dayColorString": "#ffff00",
      "nightColorString": "#004000"
    },
    "backgroundColor": {
      "dayColorString": "#ffffff",
      "nightColorString": "#111111"
    },
    "backgroundColorOpacity": 50,
    "bookTitleTextStyle": {
      "dayAndNightColor": {
        "dayColorString": "#9c3323",
        "nightColorString": "#ffc000"
      },
      "fontName": "FiraSans-HeavyItalic",
      "isBold": false,
      "isFixedUnderlined": false,
      "isItalic": true,
      "isUnderlined": false,
      "textSize": 28.0
    },
    "bookmarkCategoryColors": [
      {
        "dayColorString": "#f2ed84",
        "nightColorString": "#74440a"
      },
      {
        "dayColorString": "#ffc8c6",
        "nightColorString": "#500000"
      },
      {
        "dayColorString": "#fad3b0",
        "nightColorString": "#522b07"
      },
      {
        "dayColorString": "#fffac3",
        "nightColorString": "#4b4700"
      },
      {
        "dayColorString": "#d5ffa9",
        "nightColorString": "#316002"
      },
      {
        "dayColorString": "#aeffd1",
        "nightColorString": "#065945"
      },
      {
        "dayColorString": "#b8fffa",
        "nightColorString": "#0c5b63"
      },
      {
        "dayColorString": "#a6c1ff",
        "nightColorString": "#001454"
      },
      {
        "dayColorString": "#ebbdff",
        "nightColorString": "#45004c"
      },
      {
        "dayColorString": "#fdadd6",
        "nightColorString": "#530024"
      },
      {
        "dayColorString": "#f2ed84",
        "nightColorString": "#74440a"
      },
      {
        "dayColorString": "#ffc8c6",
        "nightColorString": "#500000"
      },
      {
        "dayColorString": "#fad3b0",
        "nightColorString": "#522b07"
      },
      {
        "dayColorString": "#fffac3",
        "nightColorString": "#4b4700"
      },
      {
        "dayColorString": "#d5ffa9",
        "nightColorString": "#316002"
      },
      {
        "dayColorString": "#aeffd1",
        "nightColorString": "#065945"
      },
      {
        "dayColorString": "#b8fffa",
        "nightColorString": "#0c5b63"
      },
      {
        "dayColorString": "#a6c1ff",
        "nightColorString": "#001454"
      },
      {
        "dayColorString": "#ebbdff",
        "nightColorString": "#45004c"
      },
      {
        "dayColorString": "#fdadd6",
        "nightColorString": "#530024"
      }
    ],
    "chapterNumberSpacing": 15.0,
    "chapterTitleTextStyle": {
      "dayAndNightColor": {
        "dayColorString": "#700000",
        "nightColorString": "#00b0b0"
      },
      "fontName": "FiraSans-ExtraBoldItalic",
      "isBold": false,
      "isItalic": true,
      "isUnderlined": false,
      "textSize": 25.0
    },
    "crossReferencesTextStyle": {
      "dayAndNightColor": {
        "dayColorString": "#00762e",
        "nightColorString": "#009664"
      },
      "fontName": "Droid Sans",
      "isBold": false,
      "isItalic": false,
      "isUnderlined": false,
      "textSize": 11.0
    },
    "emphasisTextStyle": {
      "dayAndNightColor": {
        "dayColorString": "#571818",
        "nightColorString": "#e7e7e7"
      },
      "fontName": "FiraSans-Bold",
      "isBold": false,
      "isItalic": false,
      "isUnderlined": false,
      "textSize": 20.0
    },
    "emphasizedWordsOfJesusTextStyle": {
      "dayAndNightColor": {
        "dayColorString": "#c00000",
        "nightColorString": "#ff6000"
      },
      "fontName": "FiraSans-Bold",
      "isBold": false,
      "isItalic": false,
      "isUnderlined": false,
      "textSize": 20.0
    },
    "footnoteMarkerTextStyle": {
      "dayAndNightColor": {
        "dayColorString": "#b57d00",
        "nightColorString": "#356f9d"
      },
      "fontName": "Droid Sans Monospace",
      "isBold": false,
      "isItalic": false,
      "isUnderlined": false,
      "textSize": 10.0
    },
    "horizontalIndents": 18.0,
    "horizontalMargins": 10.5,
    "insertedWordTextStyle": {
      "dayAndNightColor": {
        "dayColorString": "#646464",
        "nightColorString": "#888888"
      },
      "fontName": "FiraSans-BookItalic",
      "isBold": false,
      "isItalic": true,
      "isUnderlined": false,
      "textSize": 20.0
    },
    "insertedWordsOfJesusTextStyle": {
      "dayAndNightColor": {
        "dayColorString": "#ff5000",
        "nightColorString": "#ff9040"
      },
      "fontName": "FiraSans-BookItalic",
      "isBold": false,
      "isItalic": true,
      "isUnderlined": false,
      "textSize": 20.0
    },
    "introductionTextStyle": {
      "dayAndNightColor": {
        "dayColorString": "#78443c",
        "nightColorString": "#a99041"
      },
      "fontName": "FiraSans-BoldItalic",
      "isBold": false,
      "isFixedUnderlined": true,
      "isItalic": true,
      "isUnderlined": true,
      "textSize": 20.0
    },
    "isShowingOldPaperBackground": false,
    "isShowingWornEdges": false,
    "isUsingSubheadingStyleFromModules": false,
    "linesSpacing": 1.04,
    "noteTextStyle": {
      "dayAndNightColor": {
        "dayColorString": "#85310d",
        "nightColorString": "#7a8ba5"
      },
      "fontName": "FiraSans-LightItalic",
      "isBold": false,
      "isItalic": true,
      "isUnderlined": false,
      "textSize": 16.0
    },
    "paragraphFirstLineIndent": 15.0,
    "paragraphSpacing": 10.0,
    "readingPlanColor": {
      "dayColorString": "#ff2000",
      "nightColorString": "#a01500"
    },
    "remarkMarkerTextStyle": {
      "dayAndNightColor": {
        "dayColorString": "#cc4200",
        "nightColorString": "#c55a3d"
      },
      "fontName": "Droid Sans",
      "isBold": true,
      "isItalic": false,
      "isUnderlined": false,
      "textSize": 11.5
    },
    "selectedTextBackgroundColor": {
      "dayColorString": "#ffffcc",
      "nightColorString": "#606060"
    },
    "strongNumbersTextStyle": {
      "dayAndNightColor": {
        "dayColorString": "#009660",
        "nightColorString": "#47a733"
      },
      "fontName": "FiraSans-Light",
      "isBold": false,
      "isItalic": false,
      "isUnderlined": false,
      "textSize": 11.0
    },
    "subheadingHyperlinkTextStyle": {
      "dayAndNightColor": {
        "dayColorString": "#8d5151",
        "nightColorString": "#90ffbf"
      },
      "fontName": "FiraSans-LightItalic",
      "isBold": true,
      "isItalic": true,
      "isUnderlined": true,
      "textSize": 17.0
    },
    "subheadingSpacing": 8.0,
    "subheadingTextStyle": {
      "dayAndNightColor": {
        "dayColorString": "#800000",
        "nightColorString": "#ba853a"
      },
      "fontName": "FiraSans-SemiBoldItalic",
      "isBold": true,
      "isItalic": true,
      "isUnderlined": false,
      "textSize": 22.0
    },
    "subheadingWithHyperlinksTextStyle": {
      "dayAndNightColor": {
        "dayColorString": "#800000",
        "nightColorString": "#90ffbf"
      },
      "fontName": "FiraSans-LightItalic",
      "isBold": true,
      "isItalic": true,
      "isUnderlined": false,
      "textSize": 17.0
    },
    "underlineColors": [
      {
        "dayColorString": "#000000",
        "nightColorString": "#ffffff"
      },
      {
        "dayColorString": "#c00000",
        "nightColorString": "#eb6a35"
      },
      {
        "dayColorString": "#568a1f",
        "nightColorString": "#7fec0c"
      },
      {
        "dayColorString": "#08737d",
        "nightColorString": "#16e1d2"
      },
      {
        "dayColorString": "#000000",
        "nightColorString": "#ffffff"
      },
      {
        "dayColorString": "#c00000",
        "nightColorString": "#eb6a35"
      },
      {
        "dayColorString": "#568a1f",
        "nightColorString": "#7fec0c"
      },
      {
        "dayColorString": "#08737d",
        "nightColorString": "#16e1d2"
      }
    ],
    "underlineThickness": 2,
    "userDefinedCrossReferencesTextStyle": {
      "dayAndNightColor": {
        "dayColorString": "#7c6098",
        "nightColorString": "#3d0580"
      },
      "fontName": "Droid Sans",
      "isBold": false,
      "isItalic": false,
      "isUnderlined": false,
      "textSize": 11.0
    },
    "verseNumberTextStyle": {
      "dayAndNightColor": {
        "dayColorString": "#8b903e",
        "nightColorString": "#848484"
      },
      "fontName": "FiraSans-Italic",
      "isBold": false,
      "isItalic": true,
      "isUnderlined": false,
      "textSize": 14.0
    },
    "verseSpacing": 0.0,
    "verseTextStyle": {
      "dayAndNightColor": {
        "dayColorString": "#000000",
        "nightColorString": "#a7a7a7"
      },
      "fontName": "FiraSans-Book",
      "isBold": false,
      "isItalic": false,
      "isUnderlined": false,
      "textSize": 20.0
    },
    "wordsOfJesusTextStyle": {
      "dayAndNightColor": {
        "dayColorString": "#910000",
        "nightColorString": "#c96c59"
      },
      "fontName": "FiraSans-Medium",
      "isBold": false,
      "isItalic": false,
      "isUnderlined": false,
      "textSize": 20.0
    }
  }
}