{
  "ancillaryWindowsAppearance": {
    "commentariesBalloonSizePercentage": 80,
    "commentariesWindowSizePercentage": 300,
    "controlButtonsMaxTextSize": 25.0,
    "devotionsWindowSizePercentage": 120,
    "dictionaryWindowSizePercentage": 60,
    "dropdownListTextSize": 14.0,
    "fontName": "MyHeb",
    "foundTextHighlightingColor": "#3daab9",
    "isBookSelectionColorHighlighted": true,
    "isDefaultDropdownListTextSize": true,
    "isLimitingControlButtonsTextSize": true,
    "listAncillaryTextColor": "#d0d0d0",
    "listFontName": "MyHeb",
    "listHyperlinkColor": "#c8b6a4",
    "listTextSize": 19.0,
    "notesWindowSizePercentage": 110,
    "popupBackgroundColor": {
      "dayColorString": "#fff6d5",
      "nightColorString": "#302010"
    },
    "textColor": {
      "dayColorString": "#001100",
      "nightColorString": "#fff088"
    },
    "textHighlightColor1": {
      "dayColorString": "#c00000",
      "nightColorString": "#c00000"
    },
    "textHighlightColor2": {
      "dayColorString": "#008000",
      "nightColorString": "#00b000"
    },
    "textHighlightColor3": {
      "dayColorString": "#0000c8",
      "nightColorString": "#0080ff"
    },
    "textHighlightColor4": {
      "dayColorString": "#c000c0",
      "nightColorString": "#b000b0"
    },
    "textHighlightColor5": {
      "dayColorString": "#707070",
      "nightColorString": "#686868"
    },
    "textSize": 18.0,
    "windowBackgroundColor": {
      "dayColorString": "#ffffff",
      "nightColorString": "#0b1829"
    }
  },
  "bibleTextAppearance": {
    "activatedHyperlinkBackgroundColor": {
      "dayColorString": "#fefee7",
      "nightColorString": "#0b1829"
    },
    "backgroundColor": {
      "dayColorString": "#ffffff",
      "nightColorString": "#0b1829"
    },
    "backgroundColorOpacity": 50,
    "bookTitleSpacing": 10.0,
    "bookTitleTextStyle": {
      "dayAndNightColor": {
        "dayColorString": "#410d00",
        "nightColorString": "#fff088"
      },
      "fontName": "Droid Serif",
      "isBold": true,
      "isFixedUnderlined": false,
      "isItalic": false,
      "isUnderlined": false,
      "textSize": 29.5
    },
    "bookmarkCategoryColors": [
      {
        "dayColorString": "#f2ed84",
        "nightColorString": "#74440a"
      },
      {
        "dayColorString": "#ffc8c6",
        "nightColorString": "#500000"
      },
      {
        "dayColorString": "#fad3b0",
        "nightColorString": "#522b07"
      },
      {
        "dayColorString": "#fffac3",
        "nightColorString": "#4b4700"
      },
      {
        "dayColorString": "#d5ffa9",
        "nightColorString": "#316002"
      },
      {
        "dayColorString": "#aeffd1",
        "nightColorString": "#065945"
      },
      {
        "dayColorString": "#b8fffa",
        "nightColorString": "#0c5b63"
      },
      {
        "dayColorString": "#a6c1ff",
        "nightColorString": "#001454"
      },
      {
        "dayColorString": "#ebbdff",
        "nightColorString": "#45004c"
      },
      {
        "dayColorString": "#fdadd6",
        "nightColorString": "#530024"
      },
      {
        "dayColorString": "#f2ed84",
        "nightColorString": "#74440a"
      },
      {
        "dayColorString": "#ffc8c6",
        "nightColorString": "#500000"
      },
      {
        "dayColorString": "#fad3b0",
        "nightColorString": "#522b07"
      },
      {
        "dayColorString": "#e9e293",
        "nightColorString": "#4b4700"
      },
      {
        "dayColorString": "#d5ffa9",
        "nightColorString": "#316002"
      },
      {
        "dayColorString": "#aeffd1",
        "nightColorString": "#065945"
      },
      {
        "dayColorString": "#b8fffa",
        "nightColorString": "#0c5b63"
      },
      {
        "dayColorString": "#a6c1ff",
        "nightColorString": "#001454"
      },
      {
        "dayColorString": "#ebbdff",
        "nightColorString": "#45004c"
      },
      {
        "dayColorString": "#fdadd6",
        "nightColorString": "#530024"
      }
    ],
    "chapterNumberSpacing": 15.0,
    "chapterTitleTextStyle": {
      "dayAndNightColor": {
        "dayColorString": "#411b00",
        "nightColorString": "#fff088"
      },
      "fontName": "Droid Sans",
      "isBold": true,
      "isItalic": false,
      "isUnderlined": false,
      "textSize": 23.5
    },
    "crossReferencesTextStyle": {
      "dayAndNightColor": {
        "dayColorString": "#431600",
        "nightColorString": "#e3f5ff"
      },
      "fontName": "Droid Sans",
      "isBold": false,
      "isItalic": false,
      "isUnderlined": false,
      "textSize": 14.5
    },
    "emphasisTextStyle": {
      "dayAndNightColor": {
        "dayColorString": "#530000",
        "nightColorString": "#e7e7e7"
      },
      "fontName": "ShlomoLightBold",
      "isBold": false,
      "isItalic": false,
      "isUnderlined": false,
      "textSize": 20.0
    },
    "emphasizedWordsOfJesusTextStyle": {
      "dayAndNightColor": {
        "dayColorString": "#ff0000",
        "nightColorString": "#b50000"
      },
      "fontName": "ShlomoLightBold",
      "isBold": false,
      "isItalic": true,
      "isUnderlined": false,
      "textSize": 20.0
    },
    "footnoteMarkerTextStyle": {
      "dayAndNightColor": {
        "dayColorString": "#b53800",
        "nightColorString": "#356f9d"
      },
      "fontName": "cmunbtl",
      "isBold": false,
      "isItalic": false,
      "isUnderlined": false,
      "textSize": 10.5
    },
    "horizontalIndents": 25.0,
    "horizontalMargins": 9.0,
    "insertedWordTextStyle": {
      "dayAndNightColor": {
        "dayColorString": "#6d6d6d",
        "nightColorString": "#888888"
      },
      "fontName": "Shlomo",
      "isBold": false,
      "isItalic": false,
      "isUnderlined": false,
      "textSize": 20.0
    },
    "insertedWordsOfJesusTextStyle": {
      "dayAndNightColor": {
        "dayColorString": "#ff7864",
        "nightColorString": "#ad0404"
      },
      "fontName": "Shlomo",
      "isBold": false,
      "isItalic": false,
      "isUnderlined": false,
      "textSize": 20.0
    },
    "introductionTextStyle": {
      "dayAndNightColor": {
        "dayColorString": "#783c3c",
        "nightColorString": "#a99041"
      },
      "fontName": "Droid Sans",
      "isBold": true,
      "isFixedUnderlined": true,
      "isItalic": false,
      "isUnderlined": true,
      "textSize": 21.5
    },
    "isShowingOldPaperBackground": false,
    "isShowingWornEdges": true,
    "isUsingSubheadingStyleFromModules": false,
    "linesSpacing": 1.0999999,
    "noteTextStyle": {
      "dayAndNightColor": {
        "dayColorString": "#7a8080",
        "nightColorString": "#7a8ba5"
      },
      "fontName": "Bookerly-RegularItalic",
      "isBold": false,
      "isItalic": true,
      "isUnderlined": false,
      "textSize": 13.5
    },
    "paragraphFirstLineIndent": 0.0,
    "paragraphSpacing": 10.0,
    "readingPlanColor": {
      "dayColorString": "#ff2000",
      "nightColorString": "#a01500"
    },
    "remarkMarkerTextStyle": {
      "dayAndNightColor": {
        "dayColorString": "#cc4200",
        "nightColorString": "#c55a3d"
      },
      "fontName": "Droid Sans",
      "isBold": true,
      "isItalic": false,
      "isUnderlined": false,
      "textSize": 13.0
    },
    "selectedTextBackgroundColor": {
      "dayColorString": "#efe5a5",
      "nightColorString": "#1d3e6b"
    },
    "strongNumbersTextStyle": {
      "dayAndNightColor": {
        "dayColorString": "#431600",
        "nightColorString": "#e3f5ff"
      },
      "fontName": "Droid Sans",
      "isBold": false,
      "isItalic": false,
      "isUnderlined": false,
      "textSize": 8.5
    },
    "subheadingHyperlinkTextStyle": {
      "dayAndNightColor": {
        "dayColorString": "#004100",
        "nightColorString": "#fff088"
      },
      "fontName": "Droid Serif",
      "isBold": true,
      "isItalic": true,
      "isUnderlined": true,
      "textSize": 20.0
    },
    "subheadingSpacing": 10.0,
    "subheadingTextStyle": {
      "dayAndNightColor": {
        "dayColorString": "#004100",
        "nightColorString": "#fff088"
      },
      "fontName": "Droid Serif",
      "isBold": true,
      "isItalic": true,
      "isUnderlined": false,
      "textSize": 20.0
    },
    "subheadingWithHyperlinksTextStyle": {
      "dayAndNightColor": {
        "dayColorString": "#004100",
        "nightColorString": "#fff088"
      },
      "fontName": "Droid Serif",
      "isBold": true,
      "isItalic": true,
      "isUnderlined": false,
      "textSize": 20.0
    },
    "underlineColors": [
      {
        "dayColorString": "#000000",
        "nightColorString": "#ffffff"
      },
      {
        "dayColorString": "#c00000",
        "nightColorString": "#eb6a35"
      },
      {
        "dayColorString": "#568a1f",
        "nightColorString": "#7fec0c"
      },
      {
        "dayColorString": "#08737d",
        "nightColorString": "#16e1d2"
      },
      {
        "dayColorString": "#000000",
        "nightColorString": "#ffffff"
      },
      {
        "dayColorString": "#c00000",
        "nightColorString": "#eb6a35"
      },
      {
        "dayColorString": "#568a1f",
        "nightColorString": "#7fec0c"
      },
      {
        "dayColorString": "#08737d",
        "nightColorString": "#16e1d2"
      }
    ],
    "underlineThickness": 2,
    "userDefinedCrossReferencesTextStyle": {
      "dayAndNightColor": {
        "dayColorString": "#7c6098",
        "nightColorString": "#3d0580"
      },
      "fontName": "Droid Sans",
      "isBold": false,
      "isItalic": false,
      "isUnderlined": false,
      "textSize": 13.0
    },
    "verseNumberTextStyle": {
      "dayAndNightColor": {
        "dayColorString": "#7f2a00",
        "nightColorString": "#e3f5ff"
      },
      "fontName": "Shlomo",
      "isBold": true,
      "isItalic": false,
      "isUnderlined": false,
      "textSize": 17.0
    },
    "verseSpacing": 0.0,
    "verseTextStyle": {
      "dayAndNightColor": {
        "dayColorString": "#000000",
        "nightColorString": "#fff088"
      },
      "fontName": "Shlomo",
      "isBold": false,
      "isItalic": false,
      "isUnderlined": false,
      "textSize": 20.0
    },
    "wordsOfJesusTextStyle": {
      "dayAndNightColor": {
        "dayColorString": "#c00000",
        "nightColorString": "#ff6000"
      },
      "fontName": "Shlomo",
      "isBold": false,
      "isItalic": false,
      "isUnderlined": false,
      "textSize": 20.0
    }
  }
}