{
  "ancillaryWindowsAppearance": {
    "balloonSizePercentage": 70,
    "commentariesBalloonSizePercentage": 0,
    "commentariesWindowSizePercentage": 150,
    "contentFontName": "Droid Sans",
    "contentFontSize": 16.5,
    "controlButtonsMaxTextSize": 0.0,
    "devotionsWindowSizePercentage": 120,
    "dictionaryWindowSizePercentage": 65,
    "dropdownListTextSize": 0.0,
    "isBookSelectionColorHighlighted": false,
    "isDefaultDropdownListTextSize": false,
    "isLimitingControlButtonsTextSize": false,
    "isWithBackgroundForBalloonButtons": false,
    "listTextSize": 0.0,
    "notesWindowSizePercentage": 110,
    "takingInterfaceColorsFromAnotherTheme": false,
    "takingInterfaceFontsAndSizesFromAnotherTheme": false,
    "textSize": 0.0,
    "themeNameToTakeInterfaceColorsFrom": "Moss Lake",
    "themeNameToTakeInterfaceFontsAndSizesFrom": "♧ tg",
    "version": 4,
    "ancillaryTextScalePercent": 80,
    "buttonCornersRadius": 5.0,
    "headerAreaElevation": 10.0,
    "headingTextScalePercent": 110,
    "interfaceFontName": "Droid Sans",
    "interfaceFontSize": 15.0,
    "isPositionSelectionButtonsTextSizeLimited": true,
    "isPositionSelectionWithSeparators": true,
    "mainWindowControlButtonWidth": 32,
    "mainWindowControlsHeight": 35,
    "menuFontSize": 13.0,
    "menuIconSize": 25.0,
    "notesFontName": "Droid Sans",
    "notesFontSize": 15.0,
    "panelElevation": 10.0,
    "positionSelectionButtonsMaxTextSize": 18.0,
    "bookSelectionActs": {
      "backgroundColor": {
        "dayColorString": "#5abc6b",
        "nightColorString": "#202020"
      },
      "foregroundColor": {
        "dayColorString": "#ffffff",
        "nightColorString": "#00ffff"
      }
    },
    "bookSelectionColoring": "FROM_THEME_FOREGROUND_AND_BACKGROUND",
    "bookSelectionEpistlesByPaul": {
      "backgroundColor": {
        "dayColorString": "#5abc9c",
        "nightColorString": "#202020"
      },
      "foregroundColor": {
        "dayColorString": "#ffffff",
        "nightColorString": "#ffff00"
      }
    },
    "bookSelectionGeneralEpistles": {
      "backgroundColor": {
        "dayColorString": "#5aabbc",
        "nightColorString": "#202020"
      },
      "foregroundColor": {
        "dayColorString": "#ffffff",
        "nightColorString": "#00ff00"
      }
    },
    "bookSelectionGospels": {
      "backgroundColor": {
        "dayColorString": "#7abc5a",
        "nightColorString": "#202020"
      },
      "foregroundColor": {
        "dayColorString": "#ffffff",
        "nightColorString": "#ff6600"
      }
    },
    "bookSelectionHistoricalBooks": {
      "backgroundColor": {
        "dayColorString": "#6b5abc",
        "nightColorString": "#505050"
      },
      "foregroundColor": {
        "dayColorString": "#ffffff",
        "nightColorString": "#ffcc99"
      }
    },
    "bookSelectionMajorProphets": {
      "backgroundColor": {
        "dayColorString": "#bc5aab",
        "nightColorString": "#505050"
      },
      "foregroundColor": {
        "dayColorString": "#ffffff",
        "nightColorString": "#ff9fb4"
      }
    },
    "bookSelectionMinorProphets": {
      "backgroundColor": {
        "dayColorString": "#bc5a7a",
        "nightColorString": "#505050"
      },
      "foregroundColor": {
        "dayColorString": "#ffffff",
        "nightColorString": "#ffff99"
      }
    },
    "bookSelectionNonCanonical": {
      "backgroundColor": {
        "dayColorString": "#909090",
        "nightColorString": "#202020"
      },
      "foregroundColor": {
        "dayColorString": "#ffffff",
        "nightColorString": "#c0c0c0"
      }
    },
    "bookSelectionPentateuch": {
      "backgroundColor": {
        "dayColorString": "#5a7abc",
        "nightColorString": "#505050"
      },
      "foregroundColor": {
        "dayColorString": "#ffffff",
        "nightColorString": "#ccccff"
      }
    },
    "bookSelectionPoeticBooks": {
      "backgroundColor": {
        "dayColorString": "#9c5abc",
        "nightColorString": "#505050"
      },
      "foregroundColor": {
        "dayColorString": "#ffffff",
        "nightColorString": "#66ff99"
      }
    },
    "bookSelectionRevelation": {
      "backgroundColor": {
        "dayColorString": "#5a7abc",
        "nightColorString": "#202020"
      },
      "foregroundColor": {
        "dayColorString": "#ffffff",
        "nightColorString": "#ff7c80"
      }
    },
    "contentBalloon": {
      "color1": {
        "dayColorString": "#994637",
        "nightColorString": "#c00000"
      },
      "color2": {
        "dayColorString": "#379973",
        "nightColorString": "#00b000"
      },
      "color3": {
        "dayColorString": "#375999",
        "nightColorString": "#0080ff"
      },
      "color4": {
        "dayColorString": "#7e3999",
        "nightColorString": "#b000b0"
      },
      "color5": {
        "dayColorString": "#707070",
        "nightColorString": "#686868"
      },
      "ancillaryTextColor": {
        "dayColorString": "#505050",
        "nightColorString": "#808080"
      },
      "elementWithoutBackground": {
        "disabledState": {
          "dayColorString": "#707070",
          "nightColorString": "#404040"
        },
        "enabledState": {
          "dayColorString": "#000000",
          "nightColorString": "#909090"
        },
        "pressedState": {
          "dayColorString": "#f3f3f3",
          "nightColorString": "#f3f3f3"
        }
      },
      "foundTextColor": {
        "dayColorString": "#3caab9",
        "nightColorString": "#3caab9"
      },
      "groupBackgroundColor": {
        "dayColorString": "#cccccc",
        "nightColorString": "#444444"
      },
      "highlightedBackgroundColor": {
        "dayColorString": "#555555",
        "nightColorString": "#555555"
      },
      "highlightedElementColor": {
        "dayColorString": "#cccccc",
        "nightColorString": "#444444"
      },
      "highlightedTextColor": {
        "dayColorString": "#fbfc1a",
        "nightColorString": "#fbfc1a"
      },
      "hyperlinkTextColor": {
        "dayColorString": "#23b27b",
        "nightColorString": "#00ae74"
      },
      "opaqueButton": {
        "disabledState": {
          "backgroundColor": {
            "dayColorString": "#e7e7e7",
            "nightColorString": "#002e3e"
          },
          "foregroundColor": {
            "dayColorString": "#b4b4b4",
            "nightColorString": "#4c4c4c"
          }
        },
        "enabledState": {
          "backgroundColor": {
            "dayColorString": "#e7e7e7",
            "nightColorString": "#002e3e"
          },
          "foregroundColor": {
            "dayColorString": "#4e5665",
            "nightColorString": "#ffffff"
          }
        },
        "pressedState": {
          "backgroundColor": {
            "dayColorString": "#ecf2fd",
            "nightColorString": "#2a7793"
          },
          "foregroundColor": {
            "dayColorString": "#3578e5",
            "nightColorString": "#f3f3f3"
          }
        }
      },
      "separatorColor": {
        "dayColorString": "#c1c1c1",
        "nightColorString": "#505050"
      },
      "transparentButton": {
        "disabledState": {
          "backgroundColor": {
            "dayColorString": "#fff7ce",
            "nightColorString": "#2b2a2a"
          },
          "foregroundColor": {
            "dayColorString": "#707070",
            "nightColorString": "#404040"
          }
        },
        "enabledState": {
          "backgroundColor": {
            "dayColorString": "#fff7ce",
            "nightColorString": "#2b2a2a"
          },
          "foregroundColor": {
            "dayColorString": "#8294ad",
            "nightColorString": "#9f9f9f"
          }
        },
        "pressedState": {
          "backgroundColor": {
            "dayColorString": "#f5f6f9",
            "nightColorString": "#35829e"
          },
          "foregroundColor": {
            "dayColorString": "#3578e5",
            "nightColorString": "#9f9f9f"
          }
        }
      },
      "transparentButtonForegroundColor2": {
        "dayColorString": "#cccccc",
        "nightColorString": "#444444"
      },
      "backgroundColor": {
        "dayColorString": "#fafafa",
        "nightColorString": "#302010"
      },
      "foregroundColor": {
        "dayColorString": "#000000",
        "nightColorString": "#909090"
      }
    },
    "contentWindow": {
      "color1": {
        "dayColorString": "#994637",
        "nightColorString": "#c00000"
      },
      "color2": {
        "dayColorString": "#379973",
        "nightColorString": "#00b000"
      },
      "color3": {
        "dayColorString": "#375999",
        "nightColorString": "#0080ff"
      },
      "color4": {
        "dayColorString": "#7e3999",
        "nightColorString": "#b000b0"
      },
      "color5": {
        "dayColorString": "#707070",
        "nightColorString": "#686868"
      },
      "ancillaryTextColor": {
        "dayColorString": "#505050",
        "nightColorString": "#808080"
      },
      "elementWithoutBackground": {
        "disabledState": {
          "dayColorString": "#707070",
          "nightColorString": "#404040"
        },
        "enabledState": {
          "dayColorString": "#000000",
          "nightColorString": "#909090"
        },
        "pressedState": {
          "dayColorString": "#f3f3f3",
          "nightColorString": "#f3f3f3"
        }
      },
      "foundTextColor": {
        "dayColorString": "#3caab9",
        "nightColorString": "#3caab9"
      },
      "groupBackgroundColor": {
        "dayColorString": "#cccccc",
        "nightColorString": "#444444"
      },
      "highlightedBackgroundColor": {
        "dayColorString": "#555555",
        "nightColorString": "#555555"
      },
      "highlightedElementColor": {
        "dayColorString": "#cccccc",
        "nightColorString": "#444444"
      },
      "highlightedTextColor": {
        "dayColorString": "#fbfc1a",
        "nightColorString": "#fbfc1a"
      },
      "hyperlinkTextColor": {
        "dayColorString": "#23b27b",
        "nightColorString": "#75f3a5"
      },
      "opaqueButton": {
        "disabledState": {
          "backgroundColor": {
            "dayColorString": "#002e3e",
            "nightColorString": "#002e3e"
          },
          "foregroundColor": {
            "dayColorString": "#4c4c4c",
            "nightColorString": "#4c4c4c"
          }
        },
        "enabledState": {
          "backgroundColor": {
            "dayColorString": "#002e3e",
            "nightColorString": "#002e3e"
          },
          "foregroundColor": {
            "dayColorString": "#f3f3f3",
            "nightColorString": "#f3f3f3"
          }
        },
        "pressedState": {
          "backgroundColor": {
            "dayColorString": "#2a7793",
            "nightColorString": "#2a7793"
          },
          "foregroundColor": {
            "dayColorString": "#f3f3f3",
            "nightColorString": "#f3f3f3"
          }
        }
      },
      "separatorColor": {
        "dayColorString": "#4267b2",
        "nightColorString": "#121212"
      },
      "transparentButton": {
        "disabledState": {
          "backgroundColor": {
            "dayColorString": "#e7cba6",
            "nightColorString": "#111111"
          },
          "foregroundColor": {
            "dayColorString": "#707070",
            "nightColorString": "#404040"
          }
        },
        "enabledState": {
          "backgroundColor": {
            "dayColorString": "#e7cba6",
            "nightColorString": "#111111"
          },
          "foregroundColor": {
            "dayColorString": "#000000",
            "nightColorString": "#909090"
          }
        },
        "pressedState": {
          "backgroundColor": {
            "dayColorString": "#35829e",
            "nightColorString": "#35829e"
          },
          "foregroundColor": {
            "dayColorString": "#000000",
            "nightColorString": "#909090"
          }
        }
      },
      "transparentButtonForegroundColor2": {
        "dayColorString": "#cccccc",
        "nightColorString": "#444444"
      },
      "backgroundColor": {
        "dayColorString": "#ffffff",
        "nightColorString": "#111111"
      },
      "foregroundColor": {
        "dayColorString": "#000000",
        "nightColorString": "#909090"
      }
    },
    "interfacePanel": {
      "ancillaryTextColor": {
        "dayColorString": "#3578e5",
        "nightColorString": "#a0a0a0"
      },
      "elementWithoutBackground": {
        "disabledState": {
          "dayColorString": "#c6c7cc",
          "nightColorString": "#5e5e5e"
        },
        "enabledState": {
          "dayColorString": "#3578e5",
          "nightColorString": "#427e95"
        },
        "pressedState": {
          "dayColorString": "#385897",
          "nightColorString": "#f3f3f3"
        }
      },
      "foundTextColor": {
        "dayColorString": "#3577e5",
        "nightColorString": "#3caab9"
      },
      "groupBackgroundColor": {
        "dayColorString": "#cccccc",
        "nightColorString": "#444444"
      },
      "highlightedBackgroundColor": {
        "dayColorString": "#f35369",
        "nightColorString": "#555555"
      },
      "highlightedElementColor": {
        "dayColorString": "#f35369",
        "nightColorString": "#cccccc"
      },
      "highlightedTextColor": {
        "dayColorString": "#3578e5",
        "nightColorString": "#fbfc1a"
      },
      "hyperlinkTextColor": {
        "dayColorString": "#c1d121",
        "nightColorString": "#77f1a6"
      },
      "opaqueButton": {
        "disabledState": {
          "backgroundColor": {
            "dayColorString": "#4167b2",
            "nightColorString": "#002e3e"
          },
          "foregroundColor": {
            "dayColorString": "#7e96cd",
            "nightColorString": "#4c4c4c"
          }
        },
        "enabledState": {
          "backgroundColor": {
            "dayColorString": "#e7e7e7",
            "nightColorString": "#002e3e"
          },
          "foregroundColor": {
            "dayColorString": "#000000",
            "nightColorString": "#bebebe"
          }
        },
        "pressedState": {
          "backgroundColor": {
            "dayColorString": "#ecf2fd",
            "nightColorString": "#2a7793"
          },
          "foregroundColor": {
            "dayColorString": "#3578e5",
            "nightColorString": "#f3f3f3"
          }
        }
      },
      "separatorColor": {
        "dayColorString": "#c6c7cc",
        "nightColorString": "#222222"
      },
      "transparentButton": {
        "disabledState": {
          "backgroundColor": {
            "dayColorString": "#404040",
            "nightColorString": "#404040"
          },
          "foregroundColor": {
            "dayColorString": "#c6c7cc",
            "nightColorString": "#5e5e5e"
          }
        },
        "enabledState": {
          "backgroundColor": {
            "dayColorString": "#404040",
            "nightColorString": "#404040"
          },
          "foregroundColor": {
            "dayColorString": "#4e5665",
            "nightColorString": "#bebebe"
          }
        },
        "pressedState": {
          "backgroundColor": {
            "dayColorString": "#f5f6f9",
            "nightColorString": "#35829e"
          },
          "foregroundColor": {
            "dayColorString": "#3578e5",
            "nightColorString": "#d6d6d6"
          }
        }
      },
      "transparentButtonForegroundColor2": {
        "dayColorString": "#4e5665",
        "nightColorString": "#bebebe"
      },
      "backgroundColor": {
        "dayColorString": "#ffffff",
        "nightColorString": "#404040"
      },
      "foregroundColor": {
        "dayColorString": "#1c1e21",
        "nightColorString": "#bebebe"
      }
    },
    "interfaceWindow": {
      "ancillaryTextColor": {
        "dayColorString": "#a0a0a0",
        "nightColorString": "#a0a0a0"
      },
      "elementWithoutBackground": {
        "disabledState": {
          "dayColorString": "#e7e7e7",
          "nightColorString": "#6c6c6c"
        },
        "enabledState": {
          "dayColorString": "#3578e5",
          "nightColorString": "#4b798a"
        },
        "pressedState": {
          "dayColorString": "#385897",
          "nightColorString": "#f3f3f3"
        }
      },
      "foundTextColor": {
        "dayColorString": "#3577e5",
        "nightColorString": "#3daab9"
      },
      "groupBackgroundColor": {
        "dayColorString": "#fafafa",
        "nightColorString": "#444444"
      },
      "highlightedBackgroundColor": {
        "dayColorString": "#ebedf0",
        "nightColorString": "#262626"
      },
      "highlightedElementColor": {
        "dayColorString": "#f35369",
        "nightColorString": "#33b5e5"
      },
      "highlightedTextColor": {
        "dayColorString": "#f35369",
        "nightColorString": "#fbfc1a"
      },
      "hyperlinkTextColor": {
        "dayColorString": "#4858a7",
        "nightColorString": "#75f3a5"
      },
      "opaqueButton": {
        "disabledState": {
          "backgroundColor": {
            "dayColorString": "#e7e7e7",
            "nightColorString": "#002e3e"
          },
          "foregroundColor": {
            "dayColorString": "#b4b4b4",
            "nightColorString": "#4c4c4c"
          }
        },
        "enabledState": {
          "backgroundColor": {
            "dayColorString": "#e7e7e7",
            "nightColorString": "#002e3e"
          },
          "foregroundColor": {
            "dayColorString": "#4e5665",
            "nightColorString": "#f3f3f3"
          }
        },
        "pressedState": {
          "backgroundColor": {
            "dayColorString": "#ecf2fd",
            "nightColorString": "#2a7793"
          },
          "foregroundColor": {
            "dayColorString": "#3578e5",
            "nightColorString": "#f3f3f3"
          }
        }
      },
      "separatorColor": {
        "dayColorString": "#c6c7cc",
        "nightColorString": "#404040"
      },
      "transparentButton": {
        "disabledState": {
          "backgroundColor": {
            "dayColorString": "#404040",
            "nightColorString": "#404040"
          },
          "foregroundColor": {
            "dayColorString": "#e7e7e7",
            "nightColorString": "#5e5e5e"
          }
        },
        "enabledState": {
          "backgroundColor": {
            "dayColorString": "#404040",
            "nightColorString": "#404040"
          },
          "foregroundColor": {
            "dayColorString": "#606770",
            "nightColorString": "#d6d6d6"
          }
        },
        "pressedState": {
          "backgroundColor": {
            "dayColorString": "#f5f6f9",
            "nightColorString": "#35829e"
          },
          "foregroundColor": {
            "dayColorString": "#3578e5",
            "nightColorString": "#d6d6d6"
          }
        }
      },
      "transparentButtonForegroundColor2": {
        "dayColorString": "#606770",
        "nightColorString": "#d6d6d6"
      },
      "backgroundColor": {
        "dayColorString": "#ffffff",
        "nightColorString": "#181818"
      },
      "foregroundColor": {
        "dayColorString": "#4c4f54",
        "nightColorString": "#bebebe"
      }
    },
    "mainWindowControls": {
      "ancillaryTextColor": {
        "dayColorString": "#a1b3d9",
        "nightColorString": "#929292"
      },
      "elementWithoutBackground": {
        "disabledState": {
          "dayColorString": "#7e96cd",
          "nightColorString": "#5e5e5e"
        },
        "enabledState": {
          "dayColorString": "#ffffff",
          "nightColorString": "#515151"
        },
        "pressedState": {
          "dayColorString": "#ffffff",
          "nightColorString": "#616161"
        }
      },
      "foundTextColor": {
        "dayColorString": "#cccccc",
        "nightColorString": "#444444"
      },
      "groupBackgroundColor": {
        "dayColorString": "#cccccc",
        "nightColorString": "#444444"
      },
      "highlightedBackgroundColor": {
        "dayColorString": "#385897",
        "nightColorString": "#3e3e3e"
      },
      "highlightedElementColor": {
        "dayColorString": "#f35369",
        "nightColorString": "#1f6d89"
      },
      "highlightedTextColor": {
        "dayColorString": "#ffffff",
        "nightColorString": "#d9d9d9"
      },
      "hyperlinkTextColor": {
        "dayColorString": "#cccccc",
        "nightColorString": "#444444"
      },
      "opaqueButton": {
        "disabledState": {
          "backgroundColor": {
            "dayColorString": "#4167b2",
            "nightColorString": "#262626"
          },
          "foregroundColor": {
            "dayColorString": "#7a9bd9",
            "nightColorString": "#4a4a4a"
          }
        },
        "enabledState": {
          "backgroundColor": {
            "dayColorString": "#4267b2",
            "nightColorString": "#262626"
          },
          "foregroundColor": {
            "dayColorString": "#ffffff",
            "nightColorString": "#999999"
          }
        },
        "pressedState": {
          "backgroundColor": {
            "dayColorString": "#385897",
            "nightColorString": "#194758"
          },
          "foregroundColor": {
            "dayColorString": "#ffffff",
            "nightColorString": "#999999"
          }
        }
      },
      "separatorColor": {
        "dayColorString": "#4267b2",
        "nightColorString": "#30477b"
      },
      "transparentButton": {
        "disabledState": {
          "backgroundColor": {
            "dayColorString": "#404040",
            "nightColorString": "#404040"
          },
          "foregroundColor": {
            "dayColorString": "#7e96cd",
            "nightColorString": "#828282"
          }
        },
        "enabledState": {
          "backgroundColor": {
            "dayColorString": "#404040",
            "nightColorString": "#404040"
          },
          "foregroundColor": {
            "dayColorString": "#ffffff",
            "nightColorString": "#828282"
          }
        },
        "pressedState": {
          "backgroundColor": {
            "dayColorString": "#2f477a",
            "nightColorString": "#194758"
          },
          "foregroundColor": {
            "dayColorString": "#ffffff",
            "nightColorString": "#999999"
          }
        }
      },
      "transparentButtonForegroundColor2": {
        "dayColorString": "#cccccc",
        "nightColorString": "#444444"
      },
      "backgroundColor": {
        "dayColorString": "#385897",
        "nightColorString": "#131313"
      },
      "foregroundColor": {
        "dayColorString": "#cbd2e2",
        "nightColorString": "#626262"
      }
    },
    "windowHeader": {
      "ancillaryTextColor": {
        "dayColorString": "#c7d0dc",
        "nightColorString": "#a0a0a0"
      },
      "elementWithoutBackground": {
        "disabledState": {
          "dayColorString": "#cccccc",
          "nightColorString": "#444444"
        },
        "enabledState": {
          "dayColorString": "#cccccc",
          "nightColorString": "#444444"
        },
        "pressedState": {
          "dayColorString": "#cccccc",
          "nightColorString": "#444444"
        }
      },
      "foundTextColor": {
        "dayColorString": "#cccccc",
        "nightColorString": "#444444"
      },
      "groupBackgroundColor": {
        "dayColorString": "#cccccc",
        "nightColorString": "#444444"
      },
      "highlightedBackgroundColor": {
        "dayColorString": "#4167b2",
        "nightColorString": "#002e3e"
      },
      "highlightedElementColor": {
        "dayColorString": "#cccccc",
        "nightColorString": "#444444"
      },
      "highlightedTextColor": {
        "dayColorString": "#d9d9d9",
        "nightColorString": "#d9d9d9"
      },
      "hyperlinkTextColor": {
        "dayColorString": "#cccccc",
        "nightColorString": "#444444"
      },
      "opaqueButton": {
        "disabledState": {
          "backgroundColor": {
            "dayColorString": "#cccccc",
            "nightColorString": "#444444"
          },
          "foregroundColor": {
            "dayColorString": "#cccccc",
            "nightColorString": "#444444"
          }
        },
        "enabledState": {
          "backgroundColor": {
            "dayColorString": "#cccccc",
            "nightColorString": "#444444"
          },
          "foregroundColor": {
            "dayColorString": "#cccccc",
            "nightColorString": "#444444"
          }
        },
        "pressedState": {
          "backgroundColor": {
            "dayColorString": "#cccccc",
            "nightColorString": "#444444"
          },
          "foregroundColor": {
            "dayColorString": "#cccccc",
            "nightColorString": "#444444"
          }
        }
      },
      "separatorColor": {
        "dayColorString": "#4167b2",
        "nightColorString": "#33b5e6"
      },
      "transparentButton": {
        "disabledState": {
          "backgroundColor": {
            "dayColorString": "#181818",
            "nightColorString": "#181818"
          },
          "foregroundColor": {
            "dayColorString": "#7e96cd",
            "nightColorString": "#5e5e5e"
          }
        },
        "enabledState": {
          "backgroundColor": {
            "dayColorString": "#181818",
            "nightColorString": "#181818"
          },
          "foregroundColor": {
            "dayColorString": "#f5f8fc",
            "nightColorString": "#d6d6d6"
          }
        },
        "pressedState": {
          "backgroundColor": {
            "dayColorString": "#30477b",
            "nightColorString": "#35829e"
          },
          "foregroundColor": {
            "dayColorString": "#d6dddf",
            "nightColorString": "#d6d6d6"
          }
        }
      },
      "transparentButtonForegroundColor2": {
        "dayColorString": "#cccccc",
        "nightColorString": "#444444"
      },
      "backgroundColor": {
        "dayColorString": "#4167b2",
        "nightColorString": "#181818"
      },
      "foregroundColor": {
        "dayColorString": "#ffffff",
        "nightColorString": "#d9d9d9"
      }
    }
  },
  "bibleTextAppearance": {
    "activatedHyperlinkBackgroundColor": {
      "dayColorString": "#e3e4e5",
      "nightColorString": "#004000"
    },
    "backgroundColor": {
      "dayColorString": "#ffffff",
      "nightColorString": "#111111"
    },
    "backgroundColorOpacity": 50,
    "bookTitleSpacing": 10.0,
    "bookTitleTextStyle": {
      "dayAndNightColor": {
        "dayColorString": "#385897",
        "nightColorString": "#ffc000"
      },
      "fontName": "Droid Sans",
      "isBold": true,
      "isFixedUnderlined": false,
      "isItalic": false,
      "isUnderlined": false,
      "textSize": 22.0
    },
    "bookmarkCategoryColors": [
      {
        "dayColorString": "#f2ed84",
        "nightColorString": "#74440a"
      },
      {
        "dayColorString": "#ffc8c6",
        "nightColorString": "#500000"
      },
      {
        "dayColorString": "#fad3b0",
        "nightColorString": "#522b07"
      },
      {
        "dayColorString": "#fffac3",
        "nightColorString": "#4b4700"
      },
      {
        "dayColorString": "#d5ffa9",
        "nightColorString": "#316002"
      },
      {
        "dayColorString": "#aeffd1",
        "nightColorString": "#065945"
      },
      {
        "dayColorString": "#b8fffa",
        "nightColorString": "#0c5b63"
      },
      {
        "dayColorString": "#a6c1ff",
        "nightColorString": "#001454"
      },
      {
        "dayColorString": "#ebbdff",
        "nightColorString": "#45004c"
      },
      {
        "dayColorString": "#fdadd6",
        "nightColorString": "#530024"
      },
      {
        "dayColorString": "#f2ed84",
        "nightColorString": "#74440a"
      },
      {
        "dayColorString": "#ffc8c6",
        "nightColorString": "#500000"
      },
      {
        "dayColorString": "#fad3b0",
        "nightColorString": "#522b07"
      },
      {
        "dayColorString": "#fffac3",
        "nightColorString": "#4b4700"
      },
      {
        "dayColorString": "#d5ffa9",
        "nightColorString": "#316002"
      },
      {
        "dayColorString": "#aeffd1",
        "nightColorString": "#065945"
      },
      {
        "dayColorString": "#b8fffa",
        "nightColorString": "#0c5b63"
      },
      {
        "dayColorString": "#a6c1ff",
        "nightColorString": "#001454"
      },
      {
        "dayColorString": "#ebbdff",
        "nightColorString": "#45004c"
      },
      {
        "dayColorString": "#fdadd6",
        "nightColorString": "#530024"
      }
    ],
    "bookmarkMarkerWidth": 18,
    "chapterNumberSpacing": 15.0,
    "chapterTitleTextStyle": {
      "dayAndNightColor": {
        "dayColorString": "#4267b2",
        "nightColorString": "#00b0b0"
      },
      "fontName": "Droid Sans",
      "isBold": true,
      "isItalic": false,
      "isUnderlined": false,
      "textSize": 20.0
    },
    "crossReferencesTextStyle": {
      "dayAndNightColor": {
        "dayColorString": "#6ab297",
        "nightColorString": "#1fb482"
      },
      "fontName": "Droid Sans",
      "isBold": false,
      "isItalic": false,
      "isUnderlined": false,
      "textSize": 10.0
    },
    "emphasisTextStyle": {
      "dayAndNightColor": {
        "dayColorString": "#000000",
        "nightColorString": "#e7e7e7"
      },
      "fontName": "Droid Sans",
      "isBold": true,
      "isItalic": false,
      "isUnderlined": false,
      "textSize": 17.0
    },
    "emphasizedWordsOfJesusTextStyle": {
      "dayAndNightColor": {
        "dayColorString": "#b22368",
        "nightColorString": "#ff6000"
      },
      "fontName": "Droid Sans",
      "isBold": true,
      "isItalic": false,
      "isUnderlined": false,
      "textSize": 17.0
    },
    "footnoteMarkerTextStyle": {
      "dayAndNightColor": {
        "dayColorString": "#6a83b2",
        "nightColorString": "#356f9d"
      },
      "fontName": "Droid Sans Monospace",
      "isBold": false,
      "isItalic": false,
      "isUnderlined": false,
      "textSize": 10.0
    },
    "horizontalIndents": 25.0,
    "horizontalMargins": 9.0,
    "insertedWordTextStyle": {
      "dayAndNightColor": {
        "dayColorString": "#6c6c6c",
        "nightColorString": "#575757"
      },
      "fontName": "Droid Sans",
      "isBold": false,
      "isItalic": true,
      "isUnderlined": false,
      "textSize": 17.0
    },
    "insertedWordsOfJesusTextStyle": {
      "dayAndNightColor": {
        "dayColorString": "#b26a8d",
        "nightColorString": "#873524"
      },
      "fontName": "Droid Sans",
      "isBold": false,
      "isItalic": true,
      "isUnderlined": false,
      "textSize": 17.0
    },
    "introductionTextStyle": {
      "dayAndNightColor": {
        "dayColorString": "#4267b2",
        "nightColorString": "#a99041"
      },
      "fontName": "Droid Sans",
      "isBold": true,
      "isFixedUnderlined": true,
      "isItalic": true,
      "isUnderlined": true,
      "textSize": 17.0
    },
    "isShowingOldPaperBackground": false,
    "isShowingWornEdges": false,
    "isUsingSubheadingStyleFromModules": false,
    "linesSpacing": 1.0,
    "noteTextStyle": {
      "dayAndNightColor": {
        "dayColorString": "#7a8080",
        "nightColorString": "#7a8ba5"
      },
      "fontName": "Droid Sans",
      "isBold": false,
      "isItalic": true,
      "isUnderlined": false,
      "textSize": 16.0
    },
    "paragraphFirstLineIndent": 18.0,
    "paragraphSpacing": 10.0,
    "readingPlanColor": {
      "dayColorString": "#ff2000",
      "nightColorString": "#a01500"
    },
    "remarkMarkerTextStyle": {
      "dayAndNightColor": {
        "dayColorString": "#cc4200",
        "nightColorString": "#c55a3d"
      },
      "fontName": "Droid Sans",
      "isBold": true,
      "isItalic": false,
      "isUnderlined": false,
      "textSize": 10.0
    },
    "selectedTextBackgroundColor": {
      "dayColorString": "#ecf3ff",
      "nightColorString": "#606060"
    },
    "strongNumbersTextStyle": {
      "dayAndNightColor": {
        "dayColorString": "#107c58",
        "nightColorString": "#1fb482"
      },
      "fontName": "Droid Sans",
      "isBold": false,
      "isItalic": false,
      "isUnderlined": false,
      "textSize": 10.0
    },
    "subheadingHyperlinkTextStyle": {
      "dayAndNightColor": {
        "dayColorString": "#1fbb93",
        "nightColorString": "#b07c4d"
      },
      "fontName": "Droid Sans",
      "isBold": false,
      "isItalic": true,
      "isUnderlined": true,
      "textSize": 14.0
    },
    "subheadingSpacing": 6.0,
    "subheadingTextStyle": {
      "dayAndNightColor": {
        "dayColorString": "#3577e5",
        "nightColorString": "#b07c4d"
      },
      "fontName": "Droid Sans",
      "isBold": false,
      "isItalic": true,
      "isUnderlined": false,
      "textSize": 18.0
    },
    "subheadingWithHyperlinksTextStyle": {
      "dayAndNightColor": {
        "dayColorString": "#1fbb93",
        "nightColorString": "#b07c4d"
      },
      "fontName": "Droid Sans",
      "isBold": false,
      "isItalic": true,
      "isUnderlined": false,
      "textSize": 14.0
    },
    "takingBibleWindowColorsFromAnotherTheme": false,
    "takingBibleWindowFontsAndSpacingFromAnotherTheme": false,
    "underlineColors": [
      {
        "dayColorString": "#000000",
        "nightColorString": "#ffffff"
      },
      {
        "dayColorString": "#c00000",
        "nightColorString": "#eb6a35"
      },
      {
        "dayColorString": "#568a1f",
        "nightColorString": "#7fec0c"
      },
      {
        "dayColorString": "#08737d",
        "nightColorString": "#16e1d2"
      },
      {
        "dayColorString": "#000000",
        "nightColorString": "#ffffff"
      },
      {
        "dayColorString": "#c00000",
        "nightColorString": "#eb6a35"
      },
      {
        "dayColorString": "#568a1f",
        "nightColorString": "#7fec0c"
      },
      {
        "dayColorString": "#08737d",
        "nightColorString": "#16e1d2"
      }
    ],
    "underlineThickness": 2,
    "userDefinedCrossReferencesTextStyle": {
      "dayAndNightColor": {
        "dayColorString": "#3d0580",
        "nightColorString": "#7c6098"
      },
      "fontName": "Droid Sans",
      "isBold": false,
      "isItalic": false,
      "isUnderlined": false,
      "textSize": 10.0
    },
    "verseNumberTextStyle": {
      "dayAndNightColor": {
        "dayColorString": "#4267b2",
        "nightColorString": "#1fb482"
      },
      "fontName": "Droid Sans",
      "isBold": true,
      "isItalic": false,
      "isUnderlined": false,
      "textSize": 15.0
    },
    "verseSpacing": 0.0,
    "verseTextStyle": {
      "dayAndNightColor": {
        "dayColorString": "#1c1e21",
        "nightColorString": "#909090"
      },
      "fontName": "Droid Sans",
      "isBold": false,
      "isItalic": false,
      "isUnderlined": false,
      "textSize": 17.0
    },
    "wordsOfJesusTextStyle": {
      "dayAndNightColor": {
        "dayColorString": "#b22368",
        "nightColorString": "#c96c59"
      },
      "fontName": "Droid Sans",
      "isBold": false,
      "isItalic": false,
      "isUnderlined": false,
      "textSize": 17.0
    }
  }
}