{
  "ancillaryWindowsAppearance": {
    "balloonSizePercentage": 70,
    "commentariesBalloonSizePercentage": 0,
    "commentariesWindowSizePercentage": 150,
    "contentFontName": "Droid Sans",
    "contentFontSize": 16.5,
    "controlButtonsMaxTextSize": 0.0,
    "devotionsWindowSizePercentage": 120,
    "dictionaryWindowSizePercentage": 65,
    "dropdownListTextSize": 0.0,
    "isBookSelectionColorHighlighted": false,
    "isDefaultDropdownListTextSize": false,
    "isLimitingControlButtonsTextSize": false,
    "isWithBackgroundForBalloonButtons": false,
    "listTextSize": 0.0,
    "notesWindowSizePercentage": 110,
    "takingInterfaceColorsFromAnotherTheme": false,
    "takingInterfaceFontsAndSizesFromAnotherTheme": false,
    "textSize": 0.0,
    "themeNameToTakeInterfaceColorsFrom": "MyBible light",
    "themeNameToTakeInterfaceFontsAndSizesFrom": "MyBible jeans",
    "version": 4,
    "ancillaryTextScalePercent": 80,
    "buttonCornersRadius": 0.0,
    "headerAreaElevation": 10.0,
    "headingTextScalePercent": 110,
    "interfaceFontName": "Droid Sans",
    "interfaceFontSize": 15.0,
    "isPositionSelectionButtonsTextSizeLimited": true,
    "isPositionSelectionWithSeparators": true,
    "mainWindowControlButtonWidth": 34,
    "mainWindowControlsHeight": 35,
    "menuFontSize": 14.0,
    "menuIconSize": 25.0,
    "notesFontName": "Droid Sans",
    "notesFontSize": 17.0,
    "panelElevation": 10.0,
    "positionSelectionButtonsMaxTextSize": 18.0,
    "bookSelectionActs": {
      "backgroundColor": {
        "dayColorString": "#67c167",
        "nightColorString": "#202020"
      },
      "foregroundColor": {
        "dayColorString": "#ffffff",
        "nightColorString": "#00ffff"
      }
    },
    "bookSelectionColoring": "FROM_THEME_FOREGROUND_AND_BACKGROUND",
    "bookSelectionEpistlesByPaul": {
      "backgroundColor": {
        "dayColorString": "#67c194",
        "nightColorString": "#202020"
      },
      "foregroundColor": {
        "dayColorString": "#ffffff",
        "nightColorString": "#ffff00"
      }
    },
    "bookSelectionGeneralEpistles": {
      "backgroundColor": {
        "dayColorString": "#67c1c1",
        "nightColorString": "#202020"
      },
      "foregroundColor": {
        "dayColorString": "#ffffff",
        "nightColorString": "#00ff00"
      }
    },
    "bookSelectionGospels": {
      "backgroundColor": {
        "dayColorString": "#94c167",
        "nightColorString": "#202020"
      },
      "foregroundColor": {
        "dayColorString": "#ffffff",
        "nightColorString": "#ff6600"
      }
    },
    "bookSelectionHistoricalBooks": {
      "backgroundColor": {
        "dayColorString": "#6a67c1",
        "nightColorString": "#505050"
      },
      "foregroundColor": {
        "dayColorString": "#ffffff",
        "nightColorString": "#ffcc99"
      }
    },
    "bookSelectionMajorProphets": {
      "backgroundColor": {
        "dayColorString": "#c167be",
        "nightColorString": "#505050"
      },
      "foregroundColor": {
        "dayColorString": "#ffffff",
        "nightColorString": "#ff9fb4"
      }
    },
    "bookSelectionMinorProphets": {
      "backgroundColor": {
        "dayColorString": "#c16791",
        "nightColorString": "#505050"
      },
      "foregroundColor": {
        "dayColorString": "#ffffff",
        "nightColorString": "#ffff99"
      }
    },
    "bookSelectionNonCanonical": {
      "backgroundColor": {
        "dayColorString": "#a3a3a3",
        "nightColorString": "#202020"
      },
      "foregroundColor": {
        "dayColorString": "#ffffff",
        "nightColorString": "#c0c0c0"
      }
    },
    "bookSelectionPentateuch": {
      "backgroundColor": {
        "dayColorString": "#6791c1",
        "nightColorString": "#505050"
      },
      "foregroundColor": {
        "dayColorString": "#ffffff",
        "nightColorString": "#ccccff"
      }
    },
    "bookSelectionPoeticBooks": {
      "backgroundColor": {
        "dayColorString": "#9767c1",
        "nightColorString": "#505050"
      },
      "foregroundColor": {
        "dayColorString": "#ffffff",
        "nightColorString": "#66ff99"
      }
    },
    "bookSelectionRevelation": {
      "backgroundColor": {
        "dayColorString": "#6794c1",
        "nightColorString": "#202020"
      },
      "foregroundColor": {
        "dayColorString": "#ffffff",
        "nightColorString": "#ff7c80"
      }
    },
    "contentBalloon": {
      "color1": {
        "dayColorString": "#c00000",
        "nightColorString": "#c00000"
      },
      "color2": {
        "dayColorString": "#51965d",
        "nightColorString": "#00b000"
      },
      "color3": {
        "dayColorString": "#0e5e9e",
        "nightColorString": "#0080ff"
      },
      "color4": {
        "dayColorString": "#a000a0",
        "nightColorString": "#b000b0"
      },
      "color5": {
        "dayColorString": "#707070",
        "nightColorString": "#686868"
      },
      "ancillaryTextColor": {
        "dayColorString": "#505050",
        "nightColorString": "#808080"
      },
      "elementWithoutBackground": {
        "disabledState": {
          "dayColorString": "#707070",
          "nightColorString": "#404040"
        },
        "enabledState": {
          "dayColorString": "#000000",
          "nightColorString": "#909090"
        },
        "pressedState": {
          "dayColorString": "#f3f3f3",
          "nightColorString": "#f3f3f3"
        }
      },
      "foundTextColor": {
        "dayColorString": "#3caab9",
        "nightColorString": "#3caab9"
      },
      "groupBackgroundColor": {
        "dayColorString": "#cccccc",
        "nightColorString": "#444444"
      },
      "highlightedBackgroundColor": {
        "dayColorString": "#555555",
        "nightColorString": "#555555"
      },
      "highlightedElementColor": {
        "dayColorString": "#cccccc",
        "nightColorString": "#444444"
      },
      "highlightedTextColor": {
        "dayColorString": "#fbfc1a",
        "nightColorString": "#fbfc1a"
      },
      "hyperlinkTextColor": {
        "dayColorString": "#13898c",
        "nightColorString": "#00ae74"
      },
      "opaqueButton": {
        "disabledState": {
          "backgroundColor": {
            "dayColorString": "#b0b5ba",
            "nightColorString": "#002e3e"
          },
          "foregroundColor": {
            "dayColorString": "#ffffff",
            "nightColorString": "#4c4c4c"
          }
        },
        "enabledState": {
          "backgroundColor": {
            "dayColorString": "#5181b8",
            "nightColorString": "#002e3e"
          },
          "foregroundColor": {
            "dayColorString": "#ffffff",
            "nightColorString": "#ffffff"
          }
        },
        "pressedState": {
          "backgroundColor": {
            "dayColorString": "#5c667a",
            "nightColorString": "#2a7793"
          },
          "foregroundColor": {
            "dayColorString": "#ffffff",
            "nightColorString": "#f3f3f3"
          }
        }
      },
      "separatorColor": {
        "dayColorString": "#8492a6",
        "nightColorString": "#505050"
      },
      "transparentButton": {
        "disabledState": {
          "backgroundColor": {
            "dayColorString": "#fff7ce",
            "nightColorString": "#2b2a2a"
          },
          "foregroundColor": {
            "dayColorString": "#707070",
            "nightColorString": "#404040"
          }
        },
        "enabledState": {
          "backgroundColor": {
            "dayColorString": "#fff7ce",
            "nightColorString": "#2b2a2a"
          },
          "foregroundColor": {
            "dayColorString": "#abbbc7",
            "nightColorString": "#9f9f9f"
          }
        },
        "pressedState": {
          "backgroundColor": {
            "dayColorString": "#abbbc7",
            "nightColorString": "#35829e"
          },
          "foregroundColor": {
            "dayColorString": "#ffffff",
            "nightColorString": "#9f9f9f"
          }
        }
      },
      "transparentButtonForegroundColor2": {
        "dayColorString": "#cccccc",
        "nightColorString": "#444444"
      },
      "backgroundColor": {
        "dayColorString": "#f9f9f9",
        "nightColorString": "#302010"
      },
      "foregroundColor": {
        "dayColorString": "#000000",
        "nightColorString": "#909090"
      }
    },
    "contentWindow": {
      "color1": {
        "dayColorString": "#c00000",
        "nightColorString": "#c00000"
      },
      "color2": {
        "dayColorString": "#51965d",
        "nightColorString": "#00b000"
      },
      "color3": {
        "dayColorString": "#0e5e9e",
        "nightColorString": "#0080ff"
      },
      "color4": {
        "dayColorString": "#c000c0",
        "nightColorString": "#b000b0"
      },
      "color5": {
        "dayColorString": "#707070",
        "nightColorString": "#686868"
      },
      "ancillaryTextColor": {
        "dayColorString": "#505050",
        "nightColorString": "#808080"
      },
      "elementWithoutBackground": {
        "disabledState": {
          "dayColorString": "#707070",
          "nightColorString": "#404040"
        },
        "enabledState": {
          "dayColorString": "#5d88c7",
          "nightColorString": "#909090"
        },
        "pressedState": {
          "dayColorString": "#f3f3f3",
          "nightColorString": "#f3f3f3"
        }
      },
      "foundTextColor": {
        "dayColorString": "#3caab9",
        "nightColorString": "#3caab9"
      },
      "groupBackgroundColor": {
        "dayColorString": "#cccccc",
        "nightColorString": "#444444"
      },
      "highlightedBackgroundColor": {
        "dayColorString": "#555555",
        "nightColorString": "#555555"
      },
      "highlightedElementColor": {
        "dayColorString": "#cccccc",
        "nightColorString": "#444444"
      },
      "highlightedTextColor": {
        "dayColorString": "#fbfc1a",
        "nightColorString": "#fbfc1a"
      },
      "hyperlinkTextColor": {
        "dayColorString": "#13898c",
        "nightColorString": "#75f3a5"
      },
      "opaqueButton": {
        "disabledState": {
          "backgroundColor": {
            "dayColorString": "#002e3e",
            "nightColorString": "#002e3e"
          },
          "foregroundColor": {
            "dayColorString": "#4c4c4c",
            "nightColorString": "#4c4c4c"
          }
        },
        "enabledState": {
          "backgroundColor": {
            "dayColorString": "#002e3e",
            "nightColorString": "#002e3e"
          },
          "foregroundColor": {
            "dayColorString": "#f3f3f3",
            "nightColorString": "#f3f3f3"
          }
        },
        "pressedState": {
          "backgroundColor": {
            "dayColorString": "#2a7793",
            "nightColorString": "#2a7793"
          },
          "foregroundColor": {
            "dayColorString": "#f3f3f3",
            "nightColorString": "#f3f3f3"
          }
        }
      },
      "separatorColor": {
        "dayColorString": "#5181b8",
        "nightColorString": "#121212"
      },
      "transparentButton": {
        "disabledState": {
          "backgroundColor": {
            "dayColorString": "#e7cba6",
            "nightColorString": "#111111"
          },
          "foregroundColor": {
            "dayColorString": "#707070",
            "nightColorString": "#404040"
          }
        },
        "enabledState": {
          "backgroundColor": {
            "dayColorString": "#e7cba6",
            "nightColorString": "#111111"
          },
          "foregroundColor": {
            "dayColorString": "#444444",
            "nightColorString": "#909090"
          }
        },
        "pressedState": {
          "backgroundColor": {
            "dayColorString": "#f1f1f1",
            "nightColorString": "#35829e"
          },
          "foregroundColor": {
            "dayColorString": "#000000",
            "nightColorString": "#909090"
          }
        }
      },
      "transparentButtonForegroundColor2": {
        "dayColorString": "#cccccc",
        "nightColorString": "#444444"
      },
      "backgroundColor": {
        "dayColorString": "#ffffff",
        "nightColorString": "#111111"
      },
      "foregroundColor": {
        "dayColorString": "#000000",
        "nightColorString": "#909090"
      }
    },
    "interfacePanel": {
      "ancillaryTextColor": {
        "dayColorString": "#5088c8",
        "nightColorString": "#a0a0a0"
      },
      "elementWithoutBackground": {
        "disabledState": {
          "dayColorString": "#b0b5ba",
          "nightColorString": "#5e5e5e"
        },
        "enabledState": {
          "dayColorString": "#5088c8",
          "nightColorString": "#427e95"
        },
        "pressedState": {
          "dayColorString": "#444444",
          "nightColorString": "#f3f3f3"
        }
      },
      "foundTextColor": {
        "dayColorString": "#3ca7b5",
        "nightColorString": "#3caab9"
      },
      "groupBackgroundColor": {
        "dayColorString": "#cccccc",
        "nightColorString": "#444444"
      },
      "highlightedBackgroundColor": {
        "dayColorString": "#e64646",
        "nightColorString": "#555555"
      },
      "highlightedElementColor": {
        "dayColorString": "#8f451b",
        "nightColorString": "#cccccc"
      },
      "highlightedTextColor": {
        "dayColorString": "#4991cc",
        "nightColorString": "#fbfc1a"
      },
      "hyperlinkTextColor": {
        "dayColorString": "#64f07f",
        "nightColorString": "#77f1a6"
      },
      "opaqueButton": {
        "disabledState": {
          "backgroundColor": {
            "dayColorString": "#4167b2",
            "nightColorString": "#002e3e"
          },
          "foregroundColor": {
            "dayColorString": "#868686",
            "nightColorString": "#4c4c4c"
          }
        },
        "enabledState": {
          "backgroundColor": {
            "dayColorString": "#ffffff",
            "nightColorString": "#002e3e"
          },
          "foregroundColor": {
            "dayColorString": "#5088c8",
            "nightColorString": "#bebebe"
          }
        },
        "pressedState": {
          "backgroundColor": {
            "dayColorString": "#f0f0f0",
            "nightColorString": "#2a7793"
          },
          "foregroundColor": {
            "dayColorString": "#4991cc",
            "nightColorString": "#f3f3f3"
          }
        }
      },
      "separatorColor": {
        "dayColorString": "#d8d8d8",
        "nightColorString": "#222222"
      },
      "transparentButton": {
        "disabledState": {
          "backgroundColor": {
            "dayColorString": "#404040",
            "nightColorString": "#404040"
          },
          "foregroundColor": {
            "dayColorString": "#aaaeb3",
            "nightColorString": "#5e5e5e"
          }
        },
        "enabledState": {
          "backgroundColor": {
            "dayColorString": "#404040",
            "nightColorString": "#404040"
          },
          "foregroundColor": {
            "dayColorString": "#000000",
            "nightColorString": "#bebebe"
          }
        },
        "pressedState": {
          "backgroundColor": {
            "dayColorString": "#f1f1f1",
            "nightColorString": "#35829e"
          },
          "foregroundColor": {
            "dayColorString": "#000000",
            "nightColorString": "#d6d6d6"
          }
        }
      },
      "transparentButtonForegroundColor2": {
        "dayColorString": "#aaaeb3",
        "nightColorString": "#bebebe"
      },
      "backgroundColor": {
        "dayColorString": "#ffffff",
        "nightColorString": "#404040"
      },
      "foregroundColor": {
        "dayColorString": "#222222",
        "nightColorString": "#bebebe"
      }
    },
    "interfaceWindow": {
      "ancillaryTextColor": {
        "dayColorString": "#838c96",
        "nightColorString": "#a0a0a0"
      },
      "elementWithoutBackground": {
        "disabledState": {
          "dayColorString": "#b0b5ba",
          "nightColorString": "#6c6c6c"
        },
        "enabledState": {
          "dayColorString": "#5088c8",
          "nightColorString": "#4b798a"
        },
        "pressedState": {
          "dayColorString": "#5c667a",
          "nightColorString": "#f3f3f3"
        }
      },
      "foundTextColor": {
        "dayColorString": "#3a95d5",
        "nightColorString": "#3daab9"
      },
      "groupBackgroundColor": {
        "dayColorString": "#fefefe",
        "nightColorString": "#444444"
      },
      "highlightedBackgroundColor": {
        "dayColorString": "#f1f1f1",
        "nightColorString": "#262626"
      },
      "highlightedElementColor": {
        "dayColorString": "#e64646",
        "nightColorString": "#33b5e5"
      },
      "highlightedTextColor": {
        "dayColorString": "#e64646",
        "nightColorString": "#fbfc1a"
      },
      "hyperlinkTextColor": {
        "dayColorString": "#4858a7",
        "nightColorString": "#75f3a5"
      },
      "opaqueButton": {
        "disabledState": {
          "backgroundColor": {
            "dayColorString": "#b0b5ba",
            "nightColorString": "#002e3e"
          },
          "foregroundColor": {
            "dayColorString": "#ffffff",
            "nightColorString": "#4c4c4c"
          }
        },
        "enabledState": {
          "backgroundColor": {
            "dayColorString": "#5181b8",
            "nightColorString": "#002e3e"
          },
          "foregroundColor": {
            "dayColorString": "#ffffff",
            "nightColorString": "#f3f3f3"
          }
        },
        "pressedState": {
          "backgroundColor": {
            "dayColorString": "#5c667a",
            "nightColorString": "#2a7793"
          },
          "foregroundColor": {
            "dayColorString": "#ffffff",
            "nightColorString": "#f3f3f3"
          }
        }
      },
      "separatorColor": {
        "dayColorString": "#d9d9d9",
        "nightColorString": "#404040"
      },
      "transparentButton": {
        "disabledState": {
          "backgroundColor": {
            "dayColorString": "#404040",
            "nightColorString": "#404040"
          },
          "foregroundColor": {
            "dayColorString": "#b0b5ba",
            "nightColorString": "#5e5e5e"
          }
        },
        "enabledState": {
          "backgroundColor": {
            "dayColorString": "#404040",
            "nightColorString": "#404040"
          },
          "foregroundColor": {
            "dayColorString": "#5088c8",
            "nightColorString": "#d6d6d6"
          }
        },
        "pressedState": {
          "backgroundColor": {
            "dayColorString": "#edf5fd",
            "nightColorString": "#35829e"
          },
          "foregroundColor": {
            "dayColorString": "#7ba2c4",
            "nightColorString": "#d6d6d6"
          }
        }
      },
      "transparentButtonForegroundColor2": {
        "dayColorString": "#5088c8",
        "nightColorString": "#d6d6d6"
      },
      "backgroundColor": {
        "dayColorString": "#ffffff",
        "nightColorString": "#181818"
      },
      "foregroundColor": {
        "dayColorString": "#000000",
        "nightColorString": "#bebebe"
      }
    },
    "mainWindowControls": {
      "ancillaryTextColor": {
        "dayColorString": "#d2deed",
        "nightColorString": "#929292"
      },
      "elementWithoutBackground": {
        "disabledState": {
          "dayColorString": "#c2d0e4",
          "nightColorString": "#5e5e5e"
        },
        "enabledState": {
          "dayColorString": "#ffffff",
          "nightColorString": "#515151"
        },
        "pressedState": {
          "dayColorString": "#ffffff",
          "nightColorString": "#616161"
        }
      },
      "foundTextColor": {
        "dayColorString": "#cccccc",
        "nightColorString": "#444444"
      },
      "groupBackgroundColor": {
        "dayColorString": "#cccccc",
        "nightColorString": "#444444"
      },
      "highlightedBackgroundColor": {
        "dayColorString": "#4872a3",
        "nightColorString": "#3e3e3e"
      },
      "highlightedElementColor": {
        "dayColorString": "#f1f138",
        "nightColorString": "#1f6d89"
      },
      "highlightedTextColor": {
        "dayColorString": "#ffffff",
        "nightColorString": "#d9d9d9"
      },
      "hyperlinkTextColor": {
        "dayColorString": "#cccccc",
        "nightColorString": "#444444"
      },
      "opaqueButton": {
        "disabledState": {
          "backgroundColor": {
            "dayColorString": "#5181b8",
            "nightColorString": "#262626"
          },
          "foregroundColor": {
            "dayColorString": "#7fa4cc",
            "nightColorString": "#4a4a4a"
          }
        },
        "enabledState": {
          "backgroundColor": {
            "dayColorString": "#5181b8",
            "nightColorString": "#262626"
          },
          "foregroundColor": {
            "dayColorString": "#ffffff",
            "nightColorString": "#999999"
          }
        },
        "pressedState": {
          "backgroundColor": {
            "dayColorString": "#4872a3",
            "nightColorString": "#194758"
          },
          "foregroundColor": {
            "dayColorString": "#ffffff",
            "nightColorString": "#999999"
          }
        }
      },
      "separatorColor": {
        "dayColorString": "#5181b8",
        "nightColorString": "#262626"
      },
      "transparentButton": {
        "disabledState": {
          "backgroundColor": {
            "dayColorString": "#404040",
            "nightColorString": "#404040"
          },
          "foregroundColor": {
            "dayColorString": "#c2d0e4",
            "nightColorString": "#828282"
          }
        },
        "enabledState": {
          "backgroundColor": {
            "dayColorString": "#404040",
            "nightColorString": "#404040"
          },
          "foregroundColor": {
            "dayColorString": "#ffffff",
            "nightColorString": "#828282"
          }
        },
        "pressedState": {
          "backgroundColor": {
            "dayColorString": "#406590",
            "nightColorString": "#194758"
          },
          "foregroundColor": {
            "dayColorString": "#ffffff",
            "nightColorString": "#999999"
          }
        }
      },
      "transparentButtonForegroundColor2": {
        "dayColorString": "#cccccc",
        "nightColorString": "#444444"
      },
      "backgroundColor": {
        "dayColorString": "#4779ae",
        "nightColorString": "#131313"
      },
      "foregroundColor": {
        "dayColorString": "#d7eafa",
        "nightColorString": "#626262"
      }
    },
    "windowHeader": {
      "ancillaryTextColor": {
        "dayColorString": "#ffefba",
        "nightColorString": "#a0a0a0"
      },
      "elementWithoutBackground": {
        "disabledState": {
          "dayColorString": "#cccccc",
          "nightColorString": "#444444"
        },
        "enabledState": {
          "dayColorString": "#cccccc",
          "nightColorString": "#444444"
        },
        "pressedState": {
          "dayColorString": "#cccccc",
          "nightColorString": "#444444"
        }
      },
      "foundTextColor": {
        "dayColorString": "#cccccc",
        "nightColorString": "#444444"
      },
      "groupBackgroundColor": {
        "dayColorString": "#cccccc",
        "nightColorString": "#444444"
      },
      "highlightedBackgroundColor": {
        "dayColorString": "#4976a8",
        "nightColorString": "#002e3e"
      },
      "highlightedElementColor": {
        "dayColorString": "#cccccc",
        "nightColorString": "#444444"
      },
      "highlightedTextColor": {
        "dayColorString": "#d9d9d9",
        "nightColorString": "#d9d9d9"
      },
      "hyperlinkTextColor": {
        "dayColorString": "#cccccc",
        "nightColorString": "#444444"
      },
      "opaqueButton": {
        "disabledState": {
          "backgroundColor": {
            "dayColorString": "#cccccc",
            "nightColorString": "#444444"
          },
          "foregroundColor": {
            "dayColorString": "#cccccc",
            "nightColorString": "#444444"
          }
        },
        "enabledState": {
          "backgroundColor": {
            "dayColorString": "#cccccc",
            "nightColorString": "#444444"
          },
          "foregroundColor": {
            "dayColorString": "#cccccc",
            "nightColorString": "#444444"
          }
        },
        "pressedState": {
          "backgroundColor": {
            "dayColorString": "#cccccc",
            "nightColorString": "#444444"
          },
          "foregroundColor": {
            "dayColorString": "#cccccc",
            "nightColorString": "#444444"
          }
        }
      },
      "separatorColor": {
        "dayColorString": "#4976a8",
        "nightColorString": "#33b5e6"
      },
      "transparentButton": {
        "disabledState": {
          "backgroundColor": {
            "dayColorString": "#181818",
            "nightColorString": "#181818"
          },
          "foregroundColor": {
            "dayColorString": "#7fa4cc",
            "nightColorString": "#5e5e5e"
          }
        },
        "enabledState": {
          "backgroundColor": {
            "dayColorString": "#181818",
            "nightColorString": "#181818"
          },
          "foregroundColor": {
            "dayColorString": "#ffffff",
            "nightColorString": "#d6d6d6"
          }
        },
        "pressedState": {
          "backgroundColor": {
            "dayColorString": "#ffffff",
            "nightColorString": "#35829e"
          },
          "foregroundColor": {
            "dayColorString": "#f1ffff",
            "nightColorString": "#d6d6d6"
          }
        }
      },
      "transparentButtonForegroundColor2": {
        "dayColorString": "#cccccc",
        "nightColorString": "#444444"
      },
      "backgroundColor": {
        "dayColorString": "#5181b8",
        "nightColorString": "#181818"
      },
      "foregroundColor": {
        "dayColorString": "#ffffff",
        "nightColorString": "#d9d9d9"
      }
    }
  },
  "bibleTextAppearance": {
    "activatedHyperlinkBackgroundColor": {
      "dayColorString": "#f1f1f1",
      "nightColorString": "#004000"
    },
    "backgroundColor": {
      "dayColorString": "#ffffff",
      "nightColorString": "#111111"
    },
    "backgroundColorOpacity": 50,
    "bookTitleSpacing": 10.0,
    "bookTitleTextStyle": {
      "dayAndNightColor": {
        "dayColorString": "#45678f",
        "nightColorString": "#ffc000"
      },
      "fontName": "Droid Sans",
      "isBold": true,
      "isFixedUnderlined": false,
      "isItalic": false,
      "isUnderlined": false,
      "textSize": 24.0
    },
    "bookmarkCategoryColors": [
      {
        "dayColorString": "#f2ed84",
        "nightColorString": "#74440a"
      },
      {
        "dayColorString": "#ffc8c6",
        "nightColorString": "#500000"
      },
      {
        "dayColorString": "#fad3b0",
        "nightColorString": "#522b07"
      },
      {
        "dayColorString": "#fffac3",
        "nightColorString": "#4b4700"
      },
      {
        "dayColorString": "#d5ffa9",
        "nightColorString": "#316002"
      },
      {
        "dayColorString": "#aeffd1",
        "nightColorString": "#065945"
      },
      {
        "dayColorString": "#b8fffa",
        "nightColorString": "#0c5b63"
      },
      {
        "dayColorString": "#a6c1ff",
        "nightColorString": "#001454"
      },
      {
        "dayColorString": "#ebbdff",
        "nightColorString": "#45004c"
      },
      {
        "dayColorString": "#fdadd6",
        "nightColorString": "#530024"
      },
      {
        "dayColorString": "#f2ed84",
        "nightColorString": "#74440a"
      },
      {
        "dayColorString": "#ffc8c6",
        "nightColorString": "#500000"
      },
      {
        "dayColorString": "#fad3b0",
        "nightColorString": "#522b07"
      },
      {
        "dayColorString": "#fffac3",
        "nightColorString": "#4b4700"
      },
      {
        "dayColorString": "#d5ffa9",
        "nightColorString": "#316002"
      },
      {
        "dayColorString": "#aeffd1",
        "nightColorString": "#065945"
      },
      {
        "dayColorString": "#b8fffa",
        "nightColorString": "#0c5b63"
      },
      {
        "dayColorString": "#a6c1ff",
        "nightColorString": "#001454"
      },
      {
        "dayColorString": "#ebbdff",
        "nightColorString": "#45004c"
      },
      {
        "dayColorString": "#fdadd6",
        "nightColorString": "#530024"
      }
    ],
    "bookmarkMarkerWidth": 18,
    "chapterNumberSpacing": 15.0,
    "chapterTitleTextStyle": {
      "dayAndNightColor": {
        "dayColorString": "#4c79ac",
        "nightColorString": "#00b0b0"
      },
      "fontName": "Droid Sans",
      "isBold": true,
      "isItalic": false,
      "isUnderlined": false,
      "textSize": 22.0
    },
    "crossReferencesTextStyle": {
      "dayAndNightColor": {
        "dayColorString": "#689d81",
        "nightColorString": "#1fb482"
      },
      "fontName": "Droid Sans",
      "isBold": false,
      "isItalic": false,
      "isUnderlined": false,
      "textSize": 12.0
    },
    "emphasisTextStyle": {
      "dayAndNightColor": {
        "dayColorString": "#00292f",
        "nightColorString": "#e7e7e7"
      },
      "fontName": "Droid Sans",
      "isBold": true,
      "isItalic": false,
      "isUnderlined": false,
      "textSize": 19.0
    },
    "emphasizedWordsOfJesusTextStyle": {
      "dayAndNightColor": {
        "dayColorString": "#900a37",
        "nightColorString": "#ff6000"
      },
      "fontName": "Droid Sans",
      "isBold": true,
      "isItalic": false,
      "isUnderlined": false,
      "textSize": 19.0
    },
    "footnoteMarkerTextStyle": {
      "dayAndNightColor": {
        "dayColorString": "#7ba2c4",
        "nightColorString": "#356f9d"
      },
      "fontName": "Droid Sans Monospace",
      "isBold": false,
      "isItalic": false,
      "isUnderlined": false,
      "textSize": 12.0
    },
    "horizontalIndents": 25.0,
    "horizontalMargins": 9.0,
    "insertedWordTextStyle": {
      "dayAndNightColor": {
        "dayColorString": "#324e52",
        "nightColorString": "#575757"
      },
      "fontName": "Droid Sans",
      "isBold": false,
      "isItalic": true,
      "isUnderlined": false,
      "textSize": 19.0
    },
    "insertedWordsOfJesusTextStyle": {
      "dayAndNightColor": {
        "dayColorString": "#ac4769",
        "nightColorString": "#873524"
      },
      "fontName": "Droid Sans",
      "isBold": false,
      "isItalic": true,
      "isUnderlined": false,
      "textSize": 19.0
    },
    "introductionTextStyle": {
      "dayAndNightColor": {
        "dayColorString": "#5181b8",
        "nightColorString": "#a99041"
      },
      "fontName": "Droid Sans",
      "isBold": true,
      "isFixedUnderlined": true,
      "isItalic": true,
      "isUnderlined": true,
      "textSize": 19.0
    },
    "isShowingOldPaperBackground": false,
    "isShowingWornEdges": false,
    "isUsingSubheadingStyleFromModules": false,
    "linesSpacing": 1.0,
    "noteTextStyle": {
      "dayAndNightColor": {
        "dayColorString": "#7a8080",
        "nightColorString": "#7a8ba5"
      },
      "fontName": "Droid Sans",
      "isBold": false,
      "isItalic": true,
      "isUnderlined": false,
      "textSize": 18.0
    },
    "paragraphFirstLineIndent": 18.0,
    "paragraphSpacing": 10.0,
    "readingPlanColor": {
      "dayColorString": "#ff2000",
      "nightColorString": "#a01500"
    },
    "remarkMarkerTextStyle": {
      "dayAndNightColor": {
        "dayColorString": "#cc4200",
        "nightColorString": "#c55a3d"
      },
      "fontName": "Droid Sans",
      "isBold": true,
      "isItalic": false,
      "isUnderlined": false,
      "textSize": 12.0
    },
    "selectedTextBackgroundColor": {
      "dayColorString": "#f1f1f1",
      "nightColorString": "#606060"
    },
    "strongNumbersTextStyle": {
      "dayAndNightColor": {
        "dayColorString": "#107c2e",
        "nightColorString": "#1fb482"
      },
      "fontName": "Droid Sans",
      "isBold": false,
      "isItalic": false,
      "isUnderlined": false,
      "textSize": 12.0
    },
    "subheadingHyperlinkTextStyle": {
      "dayAndNightColor": {
        "dayColorString": "#78ae63",
        "nightColorString": "#b07c4d"
      },
      "fontName": "Droid Sans",
      "isBold": false,
      "isItalic": true,
      "isUnderlined": true,
      "textSize": 16.0
    },
    "subheadingSpacing": 6.0,
    "subheadingTextStyle": {
      "dayAndNightColor": {
        "dayColorString": "#5088c8",
        "nightColorString": "#b07c4d"
      },
      "fontName": "Droid Sans",
      "isBold": false,
      "isItalic": true,
      "isUnderlined": false,
      "textSize": 20.0
    },
    "subheadingWithHyperlinksTextStyle": {
      "dayAndNightColor": {
        "dayColorString": "#78ae63",
        "nightColorString": "#b07c4d"
      },
      "fontName": "Droid Sans",
      "isBold": false,
      "isItalic": true,
      "isUnderlined": false,
      "textSize": 16.0
    },
    "takingBibleWindowColorsFromAnotherTheme": false,
    "takingBibleWindowFontsAndSpacingFromAnotherTheme": false,
    "underlineColors": [
      {
        "dayColorString": "#000000",
        "nightColorString": "#ffffff"
      },
      {
        "dayColorString": "#c00000",
        "nightColorString": "#eb6a35"
      },
      {
        "dayColorString": "#568a1f",
        "nightColorString": "#7fec0c"
      },
      {
        "dayColorString": "#08737d",
        "nightColorString": "#16e1d2"
      },
      {
        "dayColorString": "#000000",
        "nightColorString": "#ffffff"
      },
      {
        "dayColorString": "#c00000",
        "nightColorString": "#eb6a35"
      },
      {
        "dayColorString": "#568a1f",
        "nightColorString": "#7fec0c"
      },
      {
        "dayColorString": "#08737d",
        "nightColorString": "#16e1d2"
      }
    ],
    "underlineThickness": 2,
    "userDefinedCrossReferencesTextStyle": {
      "dayAndNightColor": {
        "dayColorString": "#3d0580",
        "nightColorString": "#7c6098"
      },
      "fontName": "Droid Sans",
      "isBold": false,
      "isItalic": false,
      "isUnderlined": false,
      "textSize": 12.0
    },
    "verseNumberTextStyle": {
      "dayAndNightColor": {
        "dayColorString": "#2975cc",
        "nightColorString": "#1fb482"
      },
      "fontName": "Droid Sans",
      "isBold": true,
      "isItalic": false,
      "isUnderlined": false,
      "textSize": 17.0
    },
    "verseSpacing": 0.0,
    "verseTextStyle": {
      "dayAndNightColor": {
        "dayColorString": "#00292f",
        "nightColorString": "#909090"
      },
      "fontName": "Droid Sans",
      "isBold": false,
      "isItalic": false,
      "isUnderlined": false,
      "textSize": 19.0
    },
    "wordsOfJesusTextStyle": {
      "dayAndNightColor": {
        "dayColorString": "#9e2950",
        "nightColorString": "#c96c59"
      },
      "fontName": "Droid Sans",
      "isBold": false,
      "isItalic": false,
      "isUnderlined": false,
      "textSize": 19.0
    }
  }
}