{
  "ancillaryWindowsAppearance": {
    "commentariesBalloonSizePercentage": 70,
    "commentariesWindowSizePercentage": 90,
    "controlButtonsMaxTextSize": 25.0,
    "devotionsWindowSizePercentage": 120,
    "dictionaryWindowSizePercentage": 70,
    "dropdownListTextSize": 14.0,
    "fontName": "SyrCOMEdessa",
    "foundTextHighlightingColor": "#3daab9",
    "isBookSelectionColorHighlighted": true,
    "isDefaultDropdownListTextSize": true,
    "isGradientFillUsedOnControlButtons": true,
    "isLimitingControlButtonsTextSize": true,
    "listAncillaryTextColor": "#d0d0d0",
    "listFontName": "SyrCOMMardin",
    "listHyperlinkColor": "#75f3a5",
    "listTextSize": 22.0,
    "notesWindowSizePercentage": 80,
    "popupBackgroundColor": {
      "dayColorString": "#f8f6ee",
      "nightColorString": "#302010"
    },
    "textColor": {
      "dayColorString": "#000000",
      "nightColorString": "#e7e7e7"
    },
    "textHighlightColor1": {
      "dayColorString": "#ae0000",
      "nightColorString": "#a66749"
    },
    "textHighlightColor2": {
      "dayColorString": "#039800",
      "nightColorString": "#787a00"
    },
    "textHighlightColor3": {
      "dayColorString": "#2630ad",
      "nightColorString": "#009797"
    },
    "textHighlightColor4": {
      "dayColorString": "#d139d6",
      "nightColorString": "#c0c0ff"
    },
    "textHighlightColor5": {
      "dayColorString": "#707070",
      "nightColorString": "#686868"
    },
    "textSize": 18.0,
    "windowBackgroundColor": {
      "dayColorString": "#fff7e4",
      "nightColorString": "#111111"
    }
  },
  "bibleTextAppearance": {
    "activatedHyperlinkBackgroundColor": {
      "dayColorString": "#ffff00",
      "nightColorString": "#004000"
    },
    "backgroundColor": {
      "dayColorString": "#fff7e4",
      "nightColorString": "#111111"
    },
    "backgroundColorOpacity": 50,
    "bookTitleTextStyle": {
      "dayAndNightColor": {
        "dayColorString": "#9c3323",
        "nightColorString": "#ffc000"
      },
      "fontName": "Droid Sans",
      "isBold": true,
      "isFixedUnderlined": false,
      "isItalic": false,
      "isUnderlined": false,
      "textSize": 34.0
    },
    "bookmarkCategoryColors": [
      {
        "dayColorString": "#f2ed84",
        "nightColorString": "#74440a"
      },
      {
        "dayColorString": "#ffc8c6",
        "nightColorString": "#500000"
      },
      {
        "dayColorString": "#fad3b0",
        "nightColorString": "#522b07"
      },
      {
        "dayColorString": "#fffac3",
        "nightColorString": "#4b4700"
      },
      {
        "dayColorString": "#d5ffa9",
        "nightColorString": "#316002"
      },
      {
        "dayColorString": "#aeffd1",
        "nightColorString": "#065945"
      },
      {
        "dayColorString": "#b8fffa",
        "nightColorString": "#0c5b63"
      },
      {
        "dayColorString": "#a6c1ff",
        "nightColorString": "#001454"
      },
      {
        "dayColorString": "#ebbdff",
        "nightColorString": "#45004c"
      },
      {
        "dayColorString": "#fdadd6",
        "nightColorString": "#530024"
      },
      {
        "dayColorString": "#f2ed84",
        "nightColorString": "#74440a"
      },
      {
        "dayColorString": "#ffc8c6",
        "nightColorString": "#500000"
      },
      {
        "dayColorString": "#fad3b0",
        "nightColorString": "#522b07"
      },
      {
        "dayColorString": "#fffac3",
        "nightColorString": "#4b4700"
      },
      {
        "dayColorString": "#d5ffa9",
        "nightColorString": "#316002"
      },
      {
        "dayColorString": "#aeffd1",
        "nightColorString": "#065945"
      },
      {
        "dayColorString": "#b8fffa",
        "nightColorString": "#0c5b63"
      },
      {
        "dayColorString": "#a6c1ff",
        "nightColorString": "#001454"
      },
      {
        "dayColorString": "#ebbdff",
        "nightColorString": "#45004c"
      },
      {
        "dayColorString": "#fdadd6",
        "nightColorString": "#530024"
      }
    ],
    "chapterNumberSpacing": 15.0,
    "chapterTitleTextStyle": {
      "dayAndNightColor": {
        "dayColorString": "#700000",
        "nightColorString": "#00b0b0"
      },
      "fontName": "Ubuntu-M",
      "isBold": true,
      "isItalic": false,
      "isUnderlined": false,
      "textSize": 30.0
    },
    "crossReferencesTextStyle": {
      "dayAndNightColor": {
        "dayColorString": "#966400",
        "nightColorString": "#009664"
      },
      "fontName": "Droid Sans",
      "isBold": false,
      "isItalic": false,
      "isUnderlined": false,
      "textSize": 17.0
    },
    "emphasisTextStyle": {
      "dayAndNightColor": {
        "dayColorString": "#000000",
        "nightColorString": "#e7e7e7"
      },
      "fontName": "Droid Sans",
      "isBold": true,
      "isItalic": false,
      "isUnderlined": false,
      "textSize": 25.0
    },
    "emphasizedWordsOfJesusTextStyle": {
      "dayAndNightColor": {
        "dayColorString": "#c00000",
        "nightColorString": "#ff6000"
      },
      "fontName": "Tahoma",
      "isBold": false,
      "isItalic": true,
      "isUnderlined": false,
      "textSize": 24.0
    },
    "footnoteMarkerTextStyle": {
      "dayAndNightColor": {
        "dayColorString": "#006bb5",
        "nightColorString": "#356f9d"
      },
      "fontName": "MyEzraSIL",
      "isBold": false,
      "isItalic": false,
      "isUnderlined": false,
      "textSize": 16.5
    },
    "horizontalIndents": 24.0,
    "horizontalMargins": 12.5,
    "insertedWordTextStyle": {
      "dayAndNightColor": {
        "dayColorString": "#888888",
        "nightColorString": "#888888"
      },
      "fontName": "SyrCOMAdiabene",
      "isBold": true,
      "isItalic": false,
      "isUnderlined": false,
      "textSize": 24.5
    },
    "insertedWordsOfJesusTextStyle": {
      "dayAndNightColor": {
        "dayColorString": "#ff5000",
        "nightColorString": "#ff9040"
      },
      "fontName": "SyrCOMAdiabene",
      "isBold": false,
      "isItalic": true,
      "isUnderlined": false,
      "textSize": 23.5
    },
    "introductionTextStyle": {
      "dayAndNightColor": {
        "dayColorString": "#78443c",
        "nightColorString": "#a99041"
      },
      "fontName": "Droid Sans",
      "isBold": true,
      "isFixedUnderlined": true,
      "isItalic": false,
      "isUnderlined": true,
      "textSize": 24.0
    },
    "isShowingOldPaperBackground": false,
    "isShowingWornEdges": false,
    "isUsingSubheadingStyleFromModules": false,
    "linesSpacing": 1.0999999,
    "noteTextStyle": {
      "dayAndNightColor": {
        "dayColorString": "#7a8080",
        "nightColorString": "#7a8ba5"
      },
      "fontName": "Droid Sans",
      "isBold": false,
      "isItalic": false,
      "isUnderlined": false,
      "textSize": 17.0
    },
    "paragraphFirstLineIndent": 16.0,
    "paragraphSpacing": 10.0,
    "readingPlanColor": {
      "dayColorString": "#ff2000",
      "nightColorString": "#a01500"
    },
    "remarkMarkerTextStyle": {
      "dayAndNightColor": {
        "dayColorString": "#cc4200",
        "nightColorString": "#c55a3d"
      },
      "fontName": "Droid Sans",
      "isBold": true,
      "isItalic": false,
      "isUnderlined": false,
      "textSize": 16.0
    },
    "selectedTextBackgroundColor": {
      "dayColorString": "#ffffcc",
      "nightColorString": "#606060"
    },
    "strongNumbersTextStyle": {
      "dayAndNightColor": {
        "dayColorString": "#966b00",
        "nightColorString": "#47a733"
      },
      "fontName": "ARIALN",
      "isBold": false,
      "isItalic": false,
      "isUnderlined": false,
      "textSize": 16.0
    },
    "subheadingHyperlinkTextStyle": {
      "dayAndNightColor": {
        "dayColorString": "#800000",
        "nightColorString": "#90ffbf"
      },
      "fontName": "Ubuntu-R",
      "isBold": true,
      "isItalic": false,
      "isUnderlined": true,
      "textSize": 27.0
    },
    "subheadingSpacing": 10.0,
    "subheadingTextStyle": {
      "dayAndNightColor": {
        "dayColorString": "#800000",
        "nightColorString": "#90ffbf"
      },
      "fontName": "SyrCOMEdessa",
      "isBold": true,
      "isItalic": false,
      "isUnderlined": false,
      "textSize": 27.0
    },
    "subheadingWithHyperlinksTextStyle": {
      "dayAndNightColor": {
        "dayColorString": "#800000",
        "nightColorString": "#90ffbf"
      },
      "fontName": "Ubuntu-R",
      "isBold": true,
      "isItalic": false,
      "isUnderlined": false,
      "textSize": 27.0
    },
    "underlineColors": [
      {
        "dayColorString": "#000000",
        "nightColorString": "#ffffff"
      },
      {
        "dayColorString": "#c00000",
        "nightColorString": "#eb6a35"
      },
      {
        "dayColorString": "#568a1f",
        "nightColorString": "#7fec0c"
      },
      {
        "dayColorString": "#08737d",
        "nightColorString": "#16e1d2"
      },
      {
        "dayColorString": "#000000",
        "nightColorString": "#ffffff"
      },
      {
        "dayColorString": "#c00000",
        "nightColorString": "#eb6a35"
      },
      {
        "dayColorString": "#568a1f",
        "nightColorString": "#7fec0c"
      },
      {
        "dayColorString": "#08737d",
        "nightColorString": "#16e1d2"
      }
    ],
    "underlineThickness": 2,
    "userDefinedCrossReferencesTextStyle": {
      "dayAndNightColor": {
        "dayColorString": "#7c6098",
        "nightColorString": "#3d0580"
      },
      "fontName": "Droid Sans",
      "isBold": false,
      "isItalic": false,
      "isUnderlined": false,
      "textSize": 16.0
    },
    "verseNumberTextStyle": {
      "dayAndNightColor": {
        "dayColorString": "#56443d",
        "nightColorString": "#848484"
      },
      "fontName": "SyrCOMTalada",
      "isBold": false,
      "isItalic": false,
      "isUnderlined": false,
      "textSize": 12.5
    },
    "verseTextStyle": {
      "dayAndNightColor": {
        "dayColorString": "#000000",
        "nightColorString": "#a7a7a7"
      },
      "fontName": "SyrCOMAdiabene",
      "isBold": false,
      "isItalic": false,
      "isUnderlined": false,
      "textSize": 24.5
    },
    "wordsOfJesusTextStyle": {
      "dayAndNightColor": {
        "dayColorString": "#910000",
        "nightColorString": "#c96c59"
      },
      "fontName": "SyrCOMAdiabene",
      "isBold": false,
      "isItalic": false,
      "isUnderlined": false,
      "textSize": 24.5
    }
  }
}