{
  "ancillaryWindowsAppearance": {
    "commentariesBalloonSizePercentage": 80,
    "commentariesWindowSizePercentage": 200,
    "controlButtonsMaxTextSize": 25.0,
    "devotionsWindowSizePercentage": 120,
    "dictionaryWindowSizePercentage": 70,
    "dropdownListTextSize": 15.5,
    "fontName": "literata-regular",
    "foundTextHighlightingColor": "#3daab9",
    "isBookSelectionColorHighlighted": true,
    "isDefaultDropdownListTextSize": true,
    "isLimitingControlButtonsTextSize": true,
    "listAncillaryTextColor": "#a0a0a0",
    "listFontName": "literata-regular",
    "listHyperlinkColor": "#75f3a5",
    "listTextSize": 17.5,
    "notesWindowSizePercentage": 80,
    "popupBackgroundColor": {
      "dayColorString": "#f8f6ee",
      "nightColorString": "#302010"
    },
    "textColor": {
      "dayColorString": "#000000",
      "nightColorString": "#a3a3a3"
    },
    "textHighlightColor1": {
      "dayColorString": "#ae0000",
      "nightColorString": "#a66749"
    },
    "textHighlightColor2": {
      "dayColorString": "#085f1c",
      "nightColorString": "#787a00"
    },
    "textHighlightColor3": {
      "dayColorString": "#2a188f",
      "nightColorString": "#279393"
    },
    "textHighlightColor4": {
      "dayColorString": "#8c1d8c",
      "nightColorString": "#c0c0ff"
    },
    "textHighlightColor5": {
      "dayColorString": "#707070",
      "nightColorString": "#686868"
    },
    "textSize": 17.5,
    "windowBackgroundColor": {
      "dayColorString": "#ffffff",
      "nightColorString": "#111111"
    }
  },
  "bibleTextAppearance": {
    "activatedHyperlinkBackgroundColor": {
      "dayColorString": "#ffff00",
      "nightColorString": "#004000"
    },
    "backgroundColor": {
      "dayColorString": "#ffffff",
      "nightColorString": "#111111"
    },
    "backgroundColorOpacity": 50,
    "bookTitleSpacing": 10.0,
    "bookTitleTextStyle": {
      "dayAndNightColor": {
        "dayColorString": "#9c3323",
        "nightColorString": "#ffc000"
      },
      "fontName": "literata-bold-italic",
      "isBold": true,
      "isFixedUnderlined": false,
      "isItalic": true,
      "isUnderlined": false,
      "textSize": 27.5
    },
    "bookmarkCategoryColors": [
      {
        "dayColorString": "#f2ed84",
        "nightColorString": "#74440a"
      },
      {
        "dayColorString": "#ffc8c6",
        "nightColorString": "#500000"
      },
      {
        "dayColorString": "#fad3b0",
        "nightColorString": "#522b07"
      },
      {
        "dayColorString": "#fffac3",
        "nightColorString": "#4b4700"
      },
      {
        "dayColorString": "#d5ffa9",
        "nightColorString": "#316002"
      },
      {
        "dayColorString": "#aeffd1",
        "nightColorString": "#065945"
      },
      {
        "dayColorString": "#b8fffa",
        "nightColorString": "#0c5b63"
      },
      {
        "dayColorString": "#a6c1ff",
        "nightColorString": "#001454"
      },
      {
        "dayColorString": "#ebbdff",
        "nightColorString": "#45004c"
      },
      {
        "dayColorString": "#fdadd6",
        "nightColorString": "#530024"
      },
      {
        "dayColorString": "#f2ed84",
        "nightColorString": "#74440a"
      },
      {
        "dayColorString": "#ffc8c6",
        "nightColorString": "#500000"
      },
      {
        "dayColorString": "#fad3b0",
        "nightColorString": "#522b07"
      },
      {
        "dayColorString": "#fffac3",
        "nightColorString": "#4b4700"
      },
      {
        "dayColorString": "#d5ffa9",
        "nightColorString": "#316002"
      },
      {
        "dayColorString": "#aeffd1",
        "nightColorString": "#065945"
      },
      {
        "dayColorString": "#b8fffa",
        "nightColorString": "#0c5b63"
      },
      {
        "dayColorString": "#a6c1ff",
        "nightColorString": "#001454"
      },
      {
        "dayColorString": "#ebbdff",
        "nightColorString": "#45004c"
      },
      {
        "dayColorString": "#fdadd6",
        "nightColorString": "#530024"
      }
    ],
    "chapterNumberSpacing": 15.0,
    "chapterTitleTextStyle": {
      "dayAndNightColor": {
        "dayColorString": "#700000",
        "nightColorString": "#00b0b0"
      },
      "fontName": "literata-bold-italic",
      "isBold": true,
      "isItalic": true,
      "isUnderlined": false,
      "textSize": 24.5
    },
    "crossReferencesTextStyle": {
      "dayAndNightColor": {
        "dayColorString": "#00762e",
        "nightColorString": "#009664"
      },
      "fontName": "Droid Sans",
      "isBold": false,
      "isItalic": false,
      "isUnderlined": false,
      "textSize": 11.0
    },
    "emphasisTextStyle": {
      "dayAndNightColor": {
        "dayColorString": "#571818",
        "nightColorString": "#e7e7e7"
      },
      "fontName": "literata-bold",
      "isBold": false,
      "isItalic": false,
      "isUnderlined": false,
      "textSize": 19.5
    },
    "emphasizedWordsOfJesusTextStyle": {
      "dayAndNightColor": {
        "dayColorString": "#c00000",
        "nightColorString": "#ff6000"
      },
      "fontName": "literata-bold",
      "isBold": false,
      "isItalic": false,
      "isUnderlined": false,
      "textSize": 19.5
    },
    "footnoteMarkerTextStyle": {
      "dayAndNightColor": {
        "dayColorString": "#b57d00",
        "nightColorString": "#356f9d"
      },
      "fontName": "cmunbtl",
      "isBold": false,
      "isItalic": false,
      "isUnderlined": false,
      "textSize": 12.0
    },
    "horizontalIndents": 18.0,
    "horizontalMargins": 10.5,
    "insertedWordTextStyle": {
      "dayAndNightColor": {
        "dayColorString": "#646464",
        "nightColorString": "#888888"
      },
      "fontName": "literata-italic",
      "isBold": false,
      "isItalic": true,
      "isUnderlined": false,
      "textSize": 19.5
    },
    "insertedWordsOfJesusTextStyle": {
      "dayAndNightColor": {
        "dayColorString": "#c57d5c",
        "nightColorString": "#ff9040"
      },
      "fontName": "literata-italic",
      "isBold": false,
      "isItalic": true,
      "isUnderlined": false,
      "textSize": 19.5
    },
    "introductionTextStyle": {
      "dayAndNightColor": {
        "dayColorString": "#78443c",
        "nightColorString": "#a99041"
      },
      "fontName": "literata-bold-italic",
      "isBold": false,
      "isFixedUnderlined": true,
      "isItalic": true,
      "isUnderlined": true,
      "textSize": 19.5
    },
    "isShowingOldPaperBackground": false,
    "isShowingWornEdges": false,
    "isUsingSubheadingStyleFromModules": false,
    "linesSpacing": 1.0,
    "noteTextStyle": {
      "dayAndNightColor": {
        "dayColorString": "#85310d",
        "nightColorString": "#7a8ba5"
      },
      "fontName": "literata-italic",
      "isBold": false,
      "isItalic": true,
      "isUnderlined": false,
      "textSize": 15.5
    },
    "paragraphFirstLineIndent": 15.0,
    "paragraphSpacing": 10.0,
    "readingPlanColor": {
      "dayColorString": "#ff2000",
      "nightColorString": "#a01500"
    },
    "remarkMarkerTextStyle": {
      "dayAndNightColor": {
        "dayColorString": "#cc4200",
        "nightColorString": "#c55a3d"
      },
      "fontName": "Droid Sans",
      "isBold": true,
      "isItalic": false,
      "isUnderlined": false,
      "textSize": 11.0
    },
    "selectedTextBackgroundColor": {
      "dayColorString": "#ffffcc",
      "nightColorString": "#606060"
    },
    "strongNumbersTextStyle": {
      "dayAndNightColor": {
        "dayColorString": "#009664",
        "nightColorString": "#47a733"
      },
      "fontName": "literata-regular",
      "isBold": false,
      "isItalic": false,
      "isUnderlined": false,
      "textSize": 12.5
    },
    "subheadingHyperlinkTextStyle": {
      "dayAndNightColor": {
        "dayColorString": "#8d5151",
        "nightColorString": "#90ffbf"
      },
      "fontName": "literata-italic",
      "isBold": false,
      "isItalic": true,
      "isUnderlined": true,
      "textSize": 17.5
    },
    "subheadingSpacing": 8.0,
    "subheadingTextStyle": {
      "dayAndNightColor": {
        "dayColorString": "#800000",
        "nightColorString": "#ba853a"
      },
      "fontName": "literata-bold-italic",
      "isBold": true,
      "isItalic": true,
      "isUnderlined": false,
      "textSize": 21.5
    },
    "subheadingWithHyperlinksTextStyle": {
      "dayAndNightColor": {
        "dayColorString": "#800000",
        "nightColorString": "#90ffbf"
      },
      "fontName": "literata-italic",
      "isBold": false,
      "isItalic": true,
      "isUnderlined": false,
      "textSize": 17.5
    },
    "underlineColors": [
      {
        "dayColorString": "#000000",
        "nightColorString": "#ffffff"
      },
      {
        "dayColorString": "#c00000",
        "nightColorString": "#eb6a35"
      },
      {
        "dayColorString": "#568a1f",
        "nightColorString": "#7fec0c"
      },
      {
        "dayColorString": "#08737d",
        "nightColorString": "#16e1d2"
      },
      {
        "dayColorString": "#575151",
        "nightColorString": "#ffffff"
      },
      {
        "dayColorString": "#8f00c0",
        "nightColorString": "#eb6a35"
      },
      {
        "dayColorString": "#776a00",
        "nightColorString": "#7fec0c"
      },
      {
        "dayColorString": "#07167d",
        "nightColorString": "#16e1d2"
      }
    ],
    "underlineThickness": 2,
    "userDefinedCrossReferencesTextStyle": {
      "dayAndNightColor": {
        "dayColorString": "#7c6098",
        "nightColorString": "#3d0580"
      },
      "fontName": "Droid Sans",
      "isBold": false,
      "isItalic": false,
      "isUnderlined": false,
      "textSize": 11.0
    },
    "verseNumberTextStyle": {
      "dayAndNightColor": {
        "dayColorString": "#8b903e",
        "nightColorString": "#848484"
      },
      "fontName": "literata-italic",
      "isBold": false,
      "isItalic": true,
      "isUnderlined": false,
      "textSize": 17.5
    },
    "verseSpacing": 0.0,
    "verseTextStyle": {
      "dayAndNightColor": {
        "dayColorString": "#000000",
        "nightColorString": "#a7a7a7"
      },
      "fontName": "literata-regular",
      "isBold": false,
      "isItalic": false,
      "isUnderlined": false,
      "textSize": 19.5
    },
    "wordsOfJesusTextStyle": {
      "dayAndNightColor": {
        "dayColorString": "#910000",
        "nightColorString": "#c96c59"
      },
      "fontName": "literata-regular",
      "isBold": false,
      "isItalic": false,
      "isUnderlined": false,
      "textSize": 19.5
    }
  }
}