{
  "ancillaryWindowsAppearance": {
    "commentariesBalloonSizePercentage": 50,
    "commentariesWindowSizePercentage": 150,
    "controlButtonsMaxTextSize": 25.0,
    "devotionsWindowSizePercentage": 120,
    "dictionaryWindowSizePercentage": 50,
    "dropdownListTextSize": 14.0,
    "fontName": "Droid Serif",
    "foundTextHighlightingColor": "#3daab9",
    "isBookSelectionColorHighlighted": true,
    "isDefaultDropdownListTextSize": true,
    "isLimitingControlButtonsTextSize": true,
    "listAncillaryTextColor": "#a0a0a0",
    "listFontName": "Droid Serif",
    "listHyperlinkColor": "#75f3a5",
    "listTextSize": 18.0,
    "notesWindowSizePercentage": 110,
    "popupBackgroundColor": {
      "dayColorString": "#f8e0a9",
      "nightColorString": "#302010"
    },
    "textColor": {
      "dayColorString": "#000000",
      "nightColorString": "#e7e7e7"
    },
    "textHighlightColor1": {
      "dayColorString": "#c00000",
      "nightColorString": "#c00000"
    },
    "textHighlightColor2": {
      "dayColorString": "#008000",
      "nightColorString": "#00b000"
    },
    "textHighlightColor3": {
      "dayColorString": "#0000ff",
      "nightColorString": "#0080ff"
    },
    "textHighlightColor4": {
      "dayColorString": "#c000c0",
      "nightColorString": "#b000b0"
    },
    "textHighlightColor5": {
      "dayColorString": "#707070",
      "nightColorString": "#686868"
    },
    "textSize": 16.0,
    "windowBackgroundColor": {
      "dayColorString": "#e7cba6",
      "nightColorString": "#111111"
    }
  },
  "bibleTextAppearance": {
    "activatedHyperlinkBackgroundColor": {
      "dayColorString": "#ffff00",
      "nightColorString": "#004000"
    },
    "backgroundColor": {
      "dayColorString": "#e7cba6",
      "nightColorString": "#111111"
    },
    "backgroundColorOpacity": 50,
    "bookTitleSpacing": 10.0,
    "bookTitleTextStyle": {
      "dayAndNightColor": {
        "dayColorString": "#9c3323",
        "nightColorString": "#ffc000"
      },
      "fontName": "Droid Serif",
      "isBold": true,
      "isFixedUnderlined": false,
      "isItalic": false,
      "isUnderlined": false,
      "textSize": 28.0
    },
    "bookmarkCategoryColors": [
      {
        "dayColorString": "#f2ed84",
        "nightColorString": "#74440a"
      },
      {
        "dayColorString": "#ffc8c6",
        "nightColorString": "#500000"
      },
      {
        "dayColorString": "#fad3b0",
        "nightColorString": "#522b07"
      },
      {
        "dayColorString": "#fffac3",
        "nightColorString": "#4b4700"
      },
      {
        "dayColorString": "#d5ffa9",
        "nightColorString": "#316002"
      },
      {
        "dayColorString": "#aeffd1",
        "nightColorString": "#065945"
      },
      {
        "dayColorString": "#b8fffa",
        "nightColorString": "#0c5b63"
      },
      {
        "dayColorString": "#a6c1ff",
        "nightColorString": "#001454"
      },
      {
        "dayColorString": "#ebbdff",
        "nightColorString": "#45004c"
      },
      {
        "dayColorString": "#fdadd6",
        "nightColorString": "#530024"
      },
      {
        "dayColorString": "#f2ed84",
        "nightColorString": "#74440a"
      },
      {
        "dayColorString": "#ffc8c6",
        "nightColorString": "#500000"
      },
      {
        "dayColorString": "#fad3b0",
        "nightColorString": "#522b07"
      },
      {
        "dayColorString": "#fffac3",
        "nightColorString": "#4b4700"
      },
      {
        "dayColorString": "#d5ffa9",
        "nightColorString": "#316002"
      },
      {
        "dayColorString": "#aeffd1",
        "nightColorString": "#065945"
      },
      {
        "dayColorString": "#b8fffa",
        "nightColorString": "#0c5b63"
      },
      {
        "dayColorString": "#a6c1ff",
        "nightColorString": "#001454"
      },
      {
        "dayColorString": "#ebbdff",
        "nightColorString": "#45004c"
      },
      {
        "dayColorString": "#fdadd6",
        "nightColorString": "#530024"
      }
    ],
    "chapterNumberSpacing": 15.0,
    "chapterTitleTextStyle": {
      "dayAndNightColor": {
        "dayColorString": "#007070",
        "nightColorString": "#00b0b0"
      },
      "fontName": "Droid Serif",
      "isBold": true,
      "isItalic": false,
      "isUnderlined": false,
      "textSize": 24.0
    },
    "crossReferencesTextStyle": {
      "dayAndNightColor": {
        "dayColorString": "#009664",
        "nightColorString": "#009664"
      },
      "fontName": "Droid Sans",
      "isBold": false,
      "isItalic": false,
      "isUnderlined": false,
      "textSize": 12.0
    },
    "emphasisTextStyle": {
      "dayAndNightColor": {
        "dayColorString": "#000000",
        "nightColorString": "#e7e7e7"
      },
      "fontName": "Droid Serif",
      "isBold": true,
      "isItalic": true,
      "isUnderlined": false,
      "textSize": 18.0
    },
    "emphasizedWordsOfJesusTextStyle": {
      "dayAndNightColor": {
        "dayColorString": "#c00000",
        "nightColorString": "#ff6000"
      },
      "fontName": "Droid Serif",
      "isBold": true,
      "isItalic": true,
      "isUnderlined": false,
      "textSize": 18.0
    },
    "footnoteMarkerTextStyle": {
      "dayAndNightColor": {
        "dayColorString": "#0064b5",
        "nightColorString": "#356f9d"
      },
      "fontName": "Droid Sans Monospace",
      "isBold": false,
      "isItalic": false,
      "isUnderlined": false,
      "textSize": 12.0
    },
    "horizontalIndents": 25.0,
    "horizontalMargins": 5.0,
    "insertedWordTextStyle": {
      "dayAndNightColor": {
        "dayColorString": "#565656",
        "nightColorString": "#888888"
      },
      "fontName": "Droid Serif",
      "isBold": false,
      "isItalic": true,
      "isUnderlined": false,
      "textSize": 18.0
    },
    "insertedWordsOfJesusTextStyle": {
      "dayAndNightColor": {
        "dayColorString": "#ff5000",
        "nightColorString": "#ff9040"
      },
      "fontName": "Droid Serif",
      "isBold": false,
      "isItalic": true,
      "isUnderlined": false,
      "textSize": 18.0
    },
    "introductionTextStyle": {
      "dayAndNightColor": {
        "dayColorString": "#78443c",
        "nightColorString": "#a99041"
      },
      "fontName": "Droid Serif",
      "isBold": true,
      "isFixedUnderlined": true,
      "isItalic": false,
      "isUnderlined": true,
      "textSize": 23.0
    },
    "isShowingOldPaperBackground": false,
    "isShowingWornEdges": true,
    "isUsingSubheadingStyleFromModules": false,
    "linesSpacing": 1.0,
    "noteTextStyle": {
      "dayAndNightColor": {
        "dayColorString": "#7a8080",
        "nightColorString": "#7a8ba5"
      },
      "fontName": "Droid Sans",
      "isBold": false,
      "isItalic": true,
      "isUnderlined": false,
      "textSize": 16.0
    },
    "paragraphFirstLineIndent": 12.0,
    "paragraphSpacing": 10.0,
    "readingPlanColor": {
      "dayColorString": "#ff2000",
      "nightColorString": "#a01500"
    },
    "remarkMarkerTextStyle": {
      "dayAndNightColor": {
        "dayColorString": "#cc4200",
        "nightColorString": "#c55a3d"
      },
      "fontName": "Droid Sans",
      "isBold": true,
      "isItalic": false,
      "isUnderlined": false,
      "textSize": 15.0
    },
    "selectedTextBackgroundColor": {
      "dayColorString": "#ffffcc",
      "nightColorString": "#606060"
    },
    "strongNumbersTextStyle": {
      "dayAndNightColor": {
        "dayColorString": "#009664",
        "nightColorString": "#47a733"
      },
      "fontName": "Droid Sans",
      "isBold": false,
      "isItalic": false,
      "isUnderlined": false,
      "textSize": 12.0
    },
    "subheadingHyperlinkTextStyle": {
      "dayAndNightColor": {
        "dayColorString": "#800000",
        "nightColorString": "#90ffbf"
      },
      "fontName": "Droid Serif",
      "isBold": true,
      "isItalic": true,
      "isUnderlined": true,
      "textSize": 16.5
    },
    "subheadingSpacing": 10.0,
    "subheadingTextStyle": {
      "dayAndNightColor": {
        "dayColorString": "#800000",
        "nightColorString": "#63b687"
      },
      "fontName": "Droid Serif",
      "isBold": true,
      "isItalic": true,
      "isUnderlined": false,
      "textSize": 19.0
    },
    "subheadingWithHyperlinksTextStyle": {
      "dayAndNightColor": {
        "dayColorString": "#800000",
        "nightColorString": "#90ffbf"
      },
      "fontName": "Droid Serif",
      "isBold": true,
      "isItalic": true,
      "isUnderlined": false,
      "textSize": 16.5
    },
    "underlineColors": [
      {
        "dayColorString": "#000000",
        "nightColorString": "#ffffff"
      },
      {
        "dayColorString": "#c00000",
        "nightColorString": "#eb6a35"
      },
      {
        "dayColorString": "#568a1f",
        "nightColorString": "#7fec0c"
      },
      {
        "dayColorString": "#08737d",
        "nightColorString": "#16e1d2"
      },
      {
        "dayColorString": "#000000",
        "nightColorString": "#ffffff"
      },
      {
        "dayColorString": "#c00000",
        "nightColorString": "#eb6a35"
      },
      {
        "dayColorString": "#568a1f",
        "nightColorString": "#7fec0c"
      },
      {
        "dayColorString": "#08737d",
        "nightColorString": "#16e1d2"
      }
    ],
    "underlineThickness": 2,
    "userDefinedCrossReferencesTextStyle": {
      "dayAndNightColor": {
        "dayColorString": "#3d0580",
        "nightColorString": "#7c6098"
      },
      "fontName": "Droid Sans",
      "isBold": false,
      "isItalic": false,
      "isUnderlined": false,
      "textSize": 12.0
    },
    "verseNumberTextStyle": {
      "dayAndNightColor": {
        "dayColorString": "#788f89",
        "nightColorString": "#6f6f6f"
      },
      "fontName": "Droid Serif",
      "isBold": true,
      "isItalic": true,
      "isUnderlined": false,
      "textSize": 16.0
    },
    "verseSpacing": 0.0,
    "verseTextStyle": {
      "dayAndNightColor": {
        "dayColorString": "#000000",
        "nightColorString": "#909090"
      },
      "fontName": "Droid Serif",
      "isBold": true,
      "isItalic": false,
      "isUnderlined": false,
      "textSize": 18.0
    },
    "wordsOfJesusTextStyle": {
      "dayAndNightColor": {
        "dayColorString": "#910000",
        "nightColorString": "#c96c59"
      },
      "fontName": "Droid Serif",
      "isBold": true,
      "isItalic": false,
      "isUnderlined": false,
      "textSize": 18.0
    }
  }
}