{
  "ancillaryWindowsAppearance": {
    "balloonSizePercentage": 50,
    "balloonWidthPercentage": 100,
    "commentariesBalloonSizePercentage": 50,
    "commentariesWindowSizePercentage": 150,
    "contentFontName": "Luciole-Regular",
    "contentFontSize": 16.0,
    "controlButtonsMaxTextSize": 18.0,
    "devotionsWindowSizePercentage": 120,
    "dictionaryWindowSizePercentage": 65,
    "dropdownListTextSize": 14.0,
    "fontName": "Droid Sans",
    "foundTextHighlightingColor": "#3daab9",
    "isBalloonAdjacentToLink": false,
    "isBalloonOnTheLeft": false,
    "isBalloonOnTheRight": false,
    "isBookSelectionColorHighlighted": true,
    "isDefaultDropdownListTextSize": true,
    "isLimitingControlButtonsTextSize": true,
    "isWithBackgroundForBalloonButtons": false,
    "isWithWideDialogButtons": false,
    "listAncillaryTextColor": "#a0a0a0",
    "listFontName": "Droid Sans",
    "listHyperlinkColor": "#75f3a5",
    "listTextSize": 15.0,
    "notesWindowSizePercentage": 110,
    "popupBackgroundColor": {
      "dayColorString": "#f8e0a9",
      "nightColorString": "#302010"
    },
    "takingInterfaceColorsFromAnotherTheme": false,
    "takingInterfaceFontsAndSizesFromAnotherTheme": false,
    "textColor": {
      "dayColorString": "#000000",
      "nightColorString": "#909090"
    },
    "textHighlightColor1": {
      "dayColorString": "#c00000",
      "nightColorString": "#c00000"
    },
    "textHighlightColor2": {
      "dayColorString": "#008000",
      "nightColorString": "#00b000"
    },
    "textHighlightColor3": {
      "dayColorString": "#0000ff",
      "nightColorString": "#0080ff"
    },
    "textHighlightColor4": {
      "dayColorString": "#c000c0",
      "nightColorString": "#b000b0"
    },
    "textHighlightColor5": {
      "dayColorString": "#707070",
      "nightColorString": "#686868"
    },
    "textSize": 16.0,
    "version": 4,
    "windowBackgroundColor": {
      "dayColorString": "#e7cba6",
      "nightColorString": "#111111"
    },
    "ancillaryTextScalePercent": 80,
    "buttonCornersRadius": 0.0,
    "cardViewCornersRadius": 7.0,
    "cardViewElevation": 2.5,
    "cardViewIndent": 6.0,
    "headerAreaElevation": 10.0,
    "headingTextScalePercent": 110,
    "interfaceFontName": "Luciole-Regular",
    "interfaceFontSize": 15.0,
    "isPositionSelectionButtonsTextSizeLimited": true,
    "isPositionSelectionWithSeparators": true,
    "isUsingCardViewForListItems": false,
    "mainWindowControlButtonWidth": 35,
    "mainWindowControlsHeight": 38,
    "menuFontSize": 13.5,
    "menuIconSize": 30.0,
    "notesFontName": "Luciole-Regular",
    "notesFontSize": 15.0,
    "panelElevation": 10.0,
    "positionSelectionButtonsMaxTextSize": 18.0,
    "bookSelectionActs": {
      "backgroundColor": {
        "dayColorString": "#ffffff",
        "nightColorString": "#202020"
      },
      "foregroundColor": {
        "dayColorString": "#00ffff",
        "nightColorString": "#00a6a6"
      }
    },
    "bookSelectionColoring": "FROM_MODULES_WITH_DAY_COLOR_ADJUSTMENT",
    "bookSelectionEpistlesByPaul": {
      "backgroundColor": {
        "dayColorString": "#ffffff",
        "nightColorString": "#202020"
      },
      "foregroundColor": {
        "dayColorString": "#ffff00",
        "nightColorString": "#a6a600"
      }
    },
    "bookSelectionGeneralEpistles": {
      "backgroundColor": {
        "dayColorString": "#ffffff",
        "nightColorString": "#202020"
      },
      "foregroundColor": {
        "dayColorString": "#00ff00",
        "nightColorString": "#00a600"
      }
    },
    "bookSelectionGospels": {
      "backgroundColor": {
        "dayColorString": "#ffffff",
        "nightColorString": "#202020"
      },
      "foregroundColor": {
        "dayColorString": "#ff6600",
        "nightColorString": "#a64200"
      }
    },
    "bookSelectionHistoricalBooks": {
      "backgroundColor": {
        "dayColorString": "#d0d0d0",
        "nightColorString": "#505050"
      },
      "foregroundColor": {
        "dayColorString": "#ffcc99",
        "nightColorString": "#a67b50"
      }
    },
    "bookSelectionMajorProphets": {
      "backgroundColor": {
        "dayColorString": "#d0d0d0",
        "nightColorString": "#505050"
      },
      "foregroundColor": {
        "dayColorString": "#ff9fb4",
        "nightColorString": "#a65566"
      }
    },
    "bookSelectionMinorProphets": {
      "backgroundColor": {
        "dayColorString": "#d0d0d0",
        "nightColorString": "#505050"
      },
      "foregroundColor": {
        "dayColorString": "#ffff99",
        "nightColorString": "#a6a650"
      }
    },
    "bookSelectionNonCanonical": {
      "backgroundColor": {
        "dayColorString": "#ffffff",
        "nightColorString": "#202020"
      },
      "foregroundColor": {
        "dayColorString": "#C0C0C0",
        "nightColorString": "#7d7d7d"
      }
    },
    "bookSelectionPentateuch": {
      "backgroundColor": {
        "dayColorString": "#d0d0d0",
        "nightColorString": "#505050"
      },
      "foregroundColor": {
        "dayColorString": "#ccccff",
        "nightColorString": "#7b7ba6"
      }
    },
    "bookSelectionPoeticBooks": {
      "backgroundColor": {
        "dayColorString": "#d0d0d0",
        "nightColorString": "#505050"
      },
      "foregroundColor": {
        "dayColorString": "#66ff99",
        "nightColorString": "#24a650"
      }
    },
    "bookSelectionRevelation": {
      "backgroundColor": {
        "dayColorString": "#ffffff",
        "nightColorString": "#202020"
      },
      "foregroundColor": {
        "dayColorString": "#ff7c80",
        "nightColorString": "#a6373a"
      }
    },
    "contentBalloon": {
      "color1": {
        "dayColorString": "#c00000",
        "nightColorString": "#c00000"
      },
      "color2": {
        "dayColorString": "#008000",
        "nightColorString": "#00b000"
      },
      "color3": {
        "dayColorString": "#0000b4",
        "nightColorString": "#0080ff"
      },
      "color4": {
        "dayColorString": "#a000a0",
        "nightColorString": "#b000b0"
      },
      "color5": {
        "dayColorString": "#707070",
        "nightColorString": "#686868"
      },
      "ancillaryTextColor": {
        "dayColorString": "#505050",
        "nightColorString": "#808080"
      },
      "elementWithoutBackground": {
        "disabledState": {
          "dayColorString": "#707070",
          "nightColorString": "#404040"
        },
        "enabledState": {
          "dayColorString": "#000000",
          "nightColorString": "#909090"
        },
        "pressedState": {
          "dayColorString": "#f3f3f3",
          "nightColorString": "#f3f3f3"
        }
      },
      "foundTextColor": {
        "dayColorString": "#3caab9",
        "nightColorString": "#3caab9"
      },
      "groupBackgroundColor": {
        "dayColorString": "#cccccc",
        "nightColorString": "#444444"
      },
      "highlightedBackgroundColor": {
        "dayColorString": "#555555",
        "nightColorString": "#555555"
      },
      "highlightedElementColor": {
        "dayColorString": "#cccccc",
        "nightColorString": "#444444"
      },
      "highlightedTextColor": {
        "dayColorString": "#fbfc1a",
        "nightColorString": "#fbfc1a"
      },
      "hyperlinkTextColor": {
        "dayColorString": "#008156",
        "nightColorString": "#00ae74"
      },
      "opaqueButton": {
        "disabledState": {
          "backgroundColor": {
            "dayColorString": "#e3cba3",
            "nightColorString": "#e3cba3"
          },
          "foregroundColor": {
            "dayColorString": "#787878",
            "nightColorString": "#787878"
          }
        },
        "enabledState": {
          "backgroundColor": {
            "dayColorString": "#f9cf75",
            "nightColorString": "#f9cf75"
          },
          "foregroundColor": {
            "dayColorString": "#000000",
            "nightColorString": "#000000"
          }
        },
        "pressedState": {
          "backgroundColor": {
            "dayColorString": "#cc9d3a",
            "nightColorString": "#cc9d3a"
          },
          "foregroundColor": {
            "dayColorString": "#000000",
            "nightColorString": "#000000"
          }
        }
      },
      "separatorColor": {
        "dayColorString": "#664100",
        "nightColorString": "#505050"
      },
      "transparentButton": {
        "disabledState": {
          "backgroundColor": {
            "dayColorString": "#fff7ce",
            "nightColorString": "#2b2a2a"
          },
          "foregroundColor": {
            "dayColorString": "#707070",
            "nightColorString": "#404040"
          }
        },
        "enabledState": {
          "backgroundColor": {
            "dayColorString": "#fff7ce",
            "nightColorString": "#2b2a2a"
          },
          "foregroundColor": {
            "dayColorString": "#3e3023",
            "nightColorString": "#9f9f9f"
          }
        },
        "pressedState": {
          "backgroundColor": {
            "dayColorString": "#35829e",
            "nightColorString": "#35829e"
          },
          "foregroundColor": {
            "dayColorString": "#ffffff",
            "nightColorString": "#9f9f9f"
          }
        }
      },
      "transparentButtonForegroundColor2": {
        "dayColorString": "#cccccc",
        "nightColorString": "#444444"
      },
      "backgroundColor": {
        "dayColorString": "#f8e0a9",
        "nightColorString": "#302010"
      },
      "foregroundColor": {
        "dayColorString": "#000000",
        "nightColorString": "#909090"
      }
    },
    "contentWindow": {
      "color1": {
        "dayColorString": "#c00000",
        "nightColorString": "#c00000"
      },
      "color2": {
        "dayColorString": "#008000",
        "nightColorString": "#00b000"
      },
      "color3": {
        "dayColorString": "#0000b4",
        "nightColorString": "#0080ff"
      },
      "color4": {
        "dayColorString": "#c000c0",
        "nightColorString": "#b000b0"
      },
      "color5": {
        "dayColorString": "#707070",
        "nightColorString": "#686868"
      },
      "ancillaryTextColor": {
        "dayColorString": "#505050",
        "nightColorString": "#808080"
      },
      "elementWithoutBackground": {
        "disabledState": {
          "dayColorString": "#707070",
          "nightColorString": "#404040"
        },
        "enabledState": {
          "dayColorString": "#000000",
          "nightColorString": "#909090"
        },
        "pressedState": {
          "dayColorString": "#f3f3f3",
          "nightColorString": "#f3f3f3"
        }
      },
      "foundTextColor": {
        "dayColorString": "#3caab9",
        "nightColorString": "#3caab9"
      },
      "groupBackgroundColor": {
        "dayColorString": "#cccccc",
        "nightColorString": "#444444"
      },
      "highlightedBackgroundColor": {
        "dayColorString": "#555555",
        "nightColorString": "#555555"
      },
      "highlightedElementColor": {
        "dayColorString": "#e53333",
        "nightColorString": "#33b5e5"
      },
      "highlightedTextColor": {
        "dayColorString": "#fbfc1a",
        "nightColorString": "#fbfc1a"
      },
      "hyperlinkTextColor": {
        "dayColorString": "#009664",
        "nightColorString": "#75f3a5"
      },
      "opaqueButton": {
        "disabledState": {
          "backgroundColor": {
            "dayColorString": "#002e3e",
            "nightColorString": "#002e3e"
          },
          "foregroundColor": {
            "dayColorString": "#4c4c4c",
            "nightColorString": "#4c4c4c"
          }
        },
        "enabledState": {
          "backgroundColor": {
            "dayColorString": "#002e3e",
            "nightColorString": "#002e3e"
          },
          "foregroundColor": {
            "dayColorString": "#f3f3f3",
            "nightColorString": "#f3f3f3"
          }
        },
        "pressedState": {
          "backgroundColor": {
            "dayColorString": "#2a7793",
            "nightColorString": "#2a7793"
          },
          "foregroundColor": {
            "dayColorString": "#f3f3f3",
            "nightColorString": "#f3f3f3"
          }
        }
      },
      "separatorColor": {
        "dayColorString": "#707070",
        "nightColorString": "#121212"
      },
      "transparentButton": {
        "disabledState": {
          "backgroundColor": {
            "dayColorString": "#e7cba6",
            "nightColorString": "#111111"
          },
          "foregroundColor": {
            "dayColorString": "#707070",
            "nightColorString": "#404040"
          }
        },
        "enabledState": {
          "backgroundColor": {
            "dayColorString": "#e7cba6",
            "nightColorString": "#111111"
          },
          "foregroundColor": {
            "dayColorString": "#000000",
            "nightColorString": "#909090"
          }
        },
        "pressedState": {
          "backgroundColor": {
            "dayColorString": "#35829e",
            "nightColorString": "#35829e"
          },
          "foregroundColor": {
            "dayColorString": "#000000",
            "nightColorString": "#909090"
          }
        }
      },
      "transparentButtonForegroundColor2": {
        "dayColorString": "#cccccc",
        "nightColorString": "#444444"
      },
      "backgroundColor": {
        "dayColorString": "#e7cba6",
        "nightColorString": "#111111"
      },
      "foregroundColor": {
        "dayColorString": "#000000",
        "nightColorString": "#909090"
      }
    },
    "interfacePanel": {
      "ancillaryTextColor": {
        "dayColorString": "#a0a0a0",
        "nightColorString": "#a0a0a0"
      },
      "elementWithoutBackground": {
        "disabledState": {
          "dayColorString": "#5e5e5e",
          "nightColorString": "#5e5e5e"
        },
        "enabledState": {
          "dayColorString": "#3c8fae",
          "nightColorString": "#427e95"
        },
        "pressedState": {
          "dayColorString": "#00b9ff",
          "nightColorString": "#f3f3f3"
        }
      },
      "foundTextColor": {
        "dayColorString": "#3ca7b5",
        "nightColorString": "#3caab9"
      },
      "groupBackgroundColor": {
        "dayColorString": "#cccccc",
        "nightColorString": "#444444"
      },
      "highlightedBackgroundColor": {
        "dayColorString": "#3c8fae",
        "nightColorString": "#555555"
      },
      "highlightedElementColor": {
        "dayColorString": "#cccccc",
        "nightColorString": "#cccccc"
      },
      "highlightedTextColor": {
        "dayColorString": "#e6e600",
        "nightColorString": "#fbfc1a"
      },
      "hyperlinkTextColor": {
        "dayColorString": "#77f1a6",
        "nightColorString": "#77f1a6"
      },
      "opaqueButton": {
        "disabledState": {
          "backgroundColor": {
            "dayColorString": "#002e3e",
            "nightColorString": "#002e3e"
          },
          "foregroundColor": {
            "dayColorString": "#4c4c4c",
            "nightColorString": "#4c4c4c"
          }
        },
        "enabledState": {
          "backgroundColor": {
            "dayColorString": "#002e3e",
            "nightColorString": "#002e3e"
          },
          "foregroundColor": {
            "dayColorString": "#f3f3f3",
            "nightColorString": "#bebebe"
          }
        },
        "pressedState": {
          "backgroundColor": {
            "dayColorString": "#2a7793",
            "nightColorString": "#2a7793"
          },
          "foregroundColor": {
            "dayColorString": "#f3f3f3",
            "nightColorString": "#f3f3f3"
          }
        }
      },
      "separatorColor": {
        "dayColorString": "#101010",
        "nightColorString": "#222222"
      },
      "transparentButton": {
        "disabledState": {
          "backgroundColor": {
            "dayColorString": "#404040",
            "nightColorString": "#404040"
          },
          "foregroundColor": {
            "dayColorString": "#777777",
            "nightColorString": "#5e5e5e"
          }
        },
        "enabledState": {
          "backgroundColor": {
            "dayColorString": "#404040",
            "nightColorString": "#404040"
          },
          "foregroundColor": {
            "dayColorString": "#d6d6d6",
            "nightColorString": "#bebebe"
          }
        },
        "pressedState": {
          "backgroundColor": {
            "dayColorString": "#347a9e",
            "nightColorString": "#35829e"
          },
          "foregroundColor": {
            "dayColorString": "#d6e6ec",
            "nightColorString": "#d6d6d6"
          }
        }
      },
      "transparentButtonForegroundColor2": {
        "dayColorString": "#d6d6d6",
        "nightColorString": "#bebebe"
      },
      "backgroundColor": {
        "dayColorString": "#404040",
        "nightColorString": "#404040"
      },
      "foregroundColor": {
        "dayColorString": "#d9d9d9",
        "nightColorString": "#bebebe"
      }
    },
    "interfaceWindow": {
      "ancillaryTextColor": {
        "dayColorString": "#a0a0a0",
        "nightColorString": "#a0a0a0"
      },
      "elementWithoutBackground": {
        "disabledState": {
          "dayColorString": "#6c6c6c",
          "nightColorString": "#6c6c6c"
        },
        "enabledState": {
          "dayColorString": "#3c8fae",
          "nightColorString": "#4b798a"
        },
        "pressedState": {
          "dayColorString": "#82aebd",
          "nightColorString": "#82aebd"
        }
      },
      "foundTextColor": {
        "dayColorString": "#3daab9",
        "nightColorString": "#3daab9"
      },
      "groupBackgroundColor": {
        "dayColorString": "#3a3a3a",
        "nightColorString": "#444444"
      },
      "highlightedBackgroundColor": {
        "dayColorString": "#373737",
        "nightColorString": "#373737"
      },
      "highlightedElementColor": {
        "dayColorString": "#e53333",
        "nightColorString": "#33b5e5"
      },
      "highlightedTextColor": {
        "dayColorString": "#e6e600",
        "nightColorString": "#fbfc1a"
      },
      "hyperlinkTextColor": {
        "dayColorString": "#009664",
        "nightColorString": "#75f3a5"
      },
      "opaqueButton": {
        "disabledState": {
          "backgroundColor": {
            "dayColorString": "#002e3e",
            "nightColorString": "#002e3e"
          },
          "foregroundColor": {
            "dayColorString": "#4c4c4c",
            "nightColorString": "#4c4c4c"
          }
        },
        "enabledState": {
          "backgroundColor": {
            "dayColorString": "#002e3e",
            "nightColorString": "#002e3e"
          },
          "foregroundColor": {
            "dayColorString": "#ccd5d8",
            "nightColorString": "#ccd5d8"
          }
        },
        "pressedState": {
          "backgroundColor": {
            "dayColorString": "#297793",
            "nightColorString": "#2a7793"
          },
          "foregroundColor": {
            "dayColorString": "#f3f3f3",
            "nightColorString": "#f3f3f3"
          }
        }
      },
      "separatorColor": {
        "dayColorString": "#565656",
        "nightColorString": "#565656"
      },
      "transparentButton": {
        "disabledState": {
          "backgroundColor": {
            "dayColorString": "#404040",
            "nightColorString": "#404040"
          },
          "foregroundColor": {
            "dayColorString": "#4c4c4c",
            "nightColorString": "#4c4c4c"
          }
        },
        "enabledState": {
          "backgroundColor": {
            "dayColorString": "#404040",
            "nightColorString": "#404040"
          },
          "foregroundColor": {
            "dayColorString": "#d1d1d1",
            "nightColorString": "#d6d6d6"
          }
        },
        "pressedState": {
          "backgroundColor": {
            "dayColorString": "#297793",
            "nightColorString": "#297793"
          },
          "foregroundColor": {
            "dayColorString": "#d6d6d6",
            "nightColorString": "#d6d6d6"
          }
        }
      },
      "transparentButtonForegroundColor2": {
        "dayColorString": "#d1d1d1",
        "nightColorString": "#d6d6d6"
      },
      "backgroundColor": {
        "dayColorString": "#181818",
        "nightColorString": "#181818"
      },
      "foregroundColor": {
        "dayColorString": "#d9d9d9",
        "nightColorString": "#bebebe"
      }
    },
    "mainWindowControls": {
      "ancillaryTextColor": {
        "dayColorString": "#bebebe",
        "nightColorString": "#929292"
      },
      "elementWithoutBackground": {
        "disabledState": {
          "dayColorString": "#878787",
          "nightColorString": "#5e5e5e"
        },
        "enabledState": {
          "dayColorString": "#878787",
          "nightColorString": "#515151"
        },
        "pressedState": {
          "dayColorString": "#a1a1a1",
          "nightColorString": "#616161"
        }
      },
      "foundTextColor": {
        "dayColorString": "#cccccc",
        "nightColorString": "#444444"
      },
      "groupBackgroundColor": {
        "dayColorString": "#cccccc",
        "nightColorString": "#444444"
      },
      "highlightedBackgroundColor": {
        "dayColorString": "#2d2d2d",
        "nightColorString": "#3e3e3e"
      },
      "highlightedElementColor": {
        "dayColorString": "#33b5e5",
        "nightColorString": "#1f6d89"
      },
      "highlightedTextColor": {
        "dayColorString": "#e7cba6",
        "nightColorString": "#d9d9d9"
      },
      "hyperlinkTextColor": {
        "dayColorString": "#cccccc",
        "nightColorString": "#444444"
      },
      "opaqueButton": {
        "disabledState": {
          "backgroundColor": {
            "dayColorString": "#404040",
            "nightColorString": "#262626"
          },
          "foregroundColor": {
            "dayColorString": "#7c7c7c",
            "nightColorString": "#4a4a4a"
          }
        },
        "enabledState": {
          "backgroundColor": {
            "dayColorString": "#404040",
            "nightColorString": "#262626"
          },
          "foregroundColor": {
            "dayColorString": "#d9d9d9",
            "nightColorString": "#999999"
          }
        },
        "pressedState": {
          "backgroundColor": {
            "dayColorString": "#297793",
            "nightColorString": "#194758"
          },
          "foregroundColor": {
            "dayColorString": "#d4e4e9",
            "nightColorString": "#999999"
          }
        }
      },
      "separatorColor": {
        "dayColorString": "#000000",
        "nightColorString": "#000000"
      },
      "transparentButton": {
        "disabledState": {
          "backgroundColor": {
            "dayColorString": "#404040",
            "nightColorString": "#404040"
          },
          "foregroundColor": {
            "dayColorString": "#d2d2d2",
            "nightColorString": "#828282"
          }
        },
        "enabledState": {
          "backgroundColor": {
            "dayColorString": "#404040",
            "nightColorString": "#404040"
          },
          "foregroundColor": {
            "dayColorString": "#d2d2d2",
            "nightColorString": "#828282"
          }
        },
        "pressedState": {
          "backgroundColor": {
            "dayColorString": "#297793",
            "nightColorString": "#194758"
          },
          "foregroundColor": {
            "dayColorString": "#d4e4e9",
            "nightColorString": "#999999"
          }
        }
      },
      "transparentButtonForegroundColor2": {
        "dayColorString": "#cccccc",
        "nightColorString": "#444444"
      },
      "backgroundColor": {
        "dayColorString": "#202020",
        "nightColorString": "#131313"
      },
      "foregroundColor": {
        "dayColorString": "#d2d2d2",
        "nightColorString": "#999999"
      }
    },
    "windowHeader": {
      "ancillaryTextColor": {
        "dayColorString": "#a0a0a0",
        "nightColorString": "#a0a0a0"
      },
      "elementWithoutBackground": {
        "disabledState": {
          "dayColorString": "#cccccc",
          "nightColorString": "#444444"
        },
        "enabledState": {
          "dayColorString": "#cccccc",
          "nightColorString": "#444444"
        },
        "pressedState": {
          "dayColorString": "#cccccc",
          "nightColorString": "#444444"
        }
      },
      "foundTextColor": {
        "dayColorString": "#cccccc",
        "nightColorString": "#444444"
      },
      "groupBackgroundColor": {
        "dayColorString": "#cccccc",
        "nightColorString": "#444444"
      },
      "highlightedBackgroundColor": {
        "dayColorString": "#002e3e",
        "nightColorString": "#002e3e"
      },
      "highlightedElementColor": {
        "dayColorString": "#cccccc",
        "nightColorString": "#444444"
      },
      "highlightedTextColor": {
        "dayColorString": "#d9d9d9",
        "nightColorString": "#d9d9d9"
      },
      "hyperlinkTextColor": {
        "dayColorString": "#cccccc",
        "nightColorString": "#444444"
      },
      "opaqueButton": {
        "disabledState": {
          "backgroundColor": {
            "dayColorString": "#cccccc",
            "nightColorString": "#444444"
          },
          "foregroundColor": {
            "dayColorString": "#cccccc",
            "nightColorString": "#444444"
          }
        },
        "enabledState": {
          "backgroundColor": {
            "dayColorString": "#cccccc",
            "nightColorString": "#444444"
          },
          "foregroundColor": {
            "dayColorString": "#cccccc",
            "nightColorString": "#444444"
          }
        },
        "pressedState": {
          "backgroundColor": {
            "dayColorString": "#cccccc",
            "nightColorString": "#444444"
          },
          "foregroundColor": {
            "dayColorString": "#cccccc",
            "nightColorString": "#444444"
          }
        }
      },
      "separatorColor": {
        "dayColorString": "#33b5e5",
        "nightColorString": "#33b5e6"
      },
      "transparentButton": {
        "disabledState": {
          "backgroundColor": {
            "dayColorString": "#181818",
            "nightColorString": "#181818"
          },
          "foregroundColor": {
            "dayColorString": "#4d6d78",
            "nightColorString": "#5e5e5e"
          }
        },
        "enabledState": {
          "backgroundColor": {
            "dayColorString": "#181818",
            "nightColorString": "#181818"
          },
          "foregroundColor": {
            "dayColorString": "#d6d6d6",
            "nightColorString": "#d6d6d6"
          }
        },
        "pressedState": {
          "backgroundColor": {
            "dayColorString": "#335561",
            "nightColorString": "#35829e"
          },
          "foregroundColor": {
            "dayColorString": "#d6dddf",
            "nightColorString": "#d6d6d6"
          }
        }
      },
      "transparentButtonForegroundColor2": {
        "dayColorString": "#cccccc",
        "nightColorString": "#444444"
      },
      "backgroundColor": {
        "dayColorString": "#181818",
        "nightColorString": "#181818"
      },
      "foregroundColor": {
        "dayColorString": "#ececec",
        "nightColorString": "#d9d9d9"
      }
    }
  },
  "bibleTextAppearance": {
    "activatedHyperlinkBackgroundColor": {
      "dayColorString": "#ffff00",
      "nightColorString": "#004000"
    },
    "backgroundColor": {
      "dayColorString": "#e7cba6",
      "nightColorString": "#111111"
    },
    "backgroundColorOpacity": 50,
    "bookTitleSpacing": 10.0,
    "bookTitleTextStyle": {
      "dayAndNightColor": {
        "dayColorString": "#9c3323",
        "nightColorString": "#ffc000"
      },
      "fontName": "Luciole-Bold",
      "isBold": true,
      "isFixedUnderlined": false,
      "isItalic": false,
      "isUnderlined": false,
      "textSize": 30.0
    },
    "bookmarkCategoryColors": [
      {
        "dayColorString": "#f2ed84",
        "nightColorString": "#74440a"
      },
      {
        "dayColorString": "#ffc8c6",
        "nightColorString": "#500000"
      },
      {
        "dayColorString": "#fad3b0",
        "nightColorString": "#522b07"
      },
      {
        "dayColorString": "#fffac3",
        "nightColorString": "#4b4700"
      },
      {
        "dayColorString": "#d5ffa9",
        "nightColorString": "#316002"
      },
      {
        "dayColorString": "#aeffd1",
        "nightColorString": "#065945"
      },
      {
        "dayColorString": "#b8fffa",
        "nightColorString": "#0c5b63"
      },
      {
        "dayColorString": "#a6c1ff",
        "nightColorString": "#001454"
      },
      {
        "dayColorString": "#ebbdff",
        "nightColorString": "#45004c"
      },
      {
        "dayColorString": "#fdadd6",
        "nightColorString": "#530024"
      },
      {
        "dayColorString": "#8c871e",
        "nightColorString": "#411100"
      },
      {
        "dayColorString": "#996260",
        "nightColorString": "#4a3232"
      },
      {
        "dayColorString": "#946d4a",
        "nightColorString": "#624c4c"
      },
      {
        "dayColorString": "#99945d",
        "nightColorString": "#322e00"
      },
      {
        "dayColorString": "#6f9943",
        "nightColorString": "#002d00"
      },
      {
        "dayColorString": "#48996b",
        "nightColorString": "#002612"
      },
      {
        "dayColorString": "#529994",
        "nightColorString": "#002830"
      },
      {
        "dayColorString": "#405b99",
        "nightColorString": "#191937"
      },
      {
        "dayColorString": "#855799",
        "nightColorString": "#2c0033"
      },
      {
        "dayColorString": "#974770",
        "nightColorString": "#361919"
      }
    ],
    "bookmarkCategoryTextStyle": {
      "dayAndNightColor": {
        "dayColorString": "#7a8080",
        "nightColorString": "#7a8ba5"
      },
      "fontName": "Luciole-Bold-Italic",
      "isBold": true,
      "isItalic": true,
      "isUnderlined": false,
      "textSize": 16.0
    },
    "bookmarkCommentLinkTextStyle": {
      "dayAndNightColor": {
        "dayColorString": "#107c58",
        "nightColorString": "#4c8f78"
      },
      "fontName": "Luciole-Regular-Italic",
      "isBold": false,
      "isItalic": true,
      "isUnderlined": false,
      "textSize": 16.0
    },
    "bookmarkCommentTextStyle": {
      "dayAndNightColor": {
        "dayColorString": "#7a8080",
        "nightColorString": "#7a8ba5"
      },
      "fontName": "Luciole-Regular-Italic",
      "isBold": false,
      "isItalic": true,
      "isUnderlined": false,
      "textSize": 16.0
    },
    "bookmarkInfoIndent": 12,
    "bookmarkMarkerWidth": 18,
    "chapterNumberSpacing": 15.0,
    "chapterTitleTextStyle": {
      "dayAndNightColor": {
        "dayColorString": "#007070",
        "nightColorString": "#00b0b0"
      },
      "fontName": "Luciole-Bold",
      "isBold": true,
      "isItalic": false,
      "isUnderlined": false,
      "textSize": 24.0
    },
    "crossReferencesTextStyle": {
      "dayAndNightColor": {
        "dayColorString": "#107c58",
        "nightColorString": "#1fb482"
      },
      "fontName": "Luciole-Regular",
      "isBold": false,
      "isItalic": false,
      "isUnderlined": false,
      "textSize": 15.0
    },
    "emphasisTextStyle": {
      "dayAndNightColor": {
        "dayColorString": "#000000",
        "nightColorString": "#e7e7e7"
      },
      "fontName": "Luciole-Bold",
      "isBold": true,
      "isItalic": false,
      "isUnderlined": false,
      "textSize": 18.0
    },
    "emphasizedWordsOfJesusTextStyle": {
      "dayAndNightColor": {
        "dayColorString": "#c00000",
        "nightColorString": "#ff6000"
      },
      "fontName": "Luciole-Bold",
      "isBold": true,
      "isItalic": false,
      "isUnderlined": false,
      "textSize": 18.0
    },
    "footnoteMarkerTextStyle": {
      "dayAndNightColor": {
        "dayColorString": "#0064b5",
        "nightColorString": "#356f9d"
      },
      "fontName": "Luciole-Bold",
      "isBold": true,
      "isItalic": false,
      "isUnderlined": false,
      "textSize": 15.0
    },
    "horizontalIndents": 25.0,
    "horizontalMargins": 3.0,
    "insertedWordTextStyle": {
      "dayAndNightColor": {
        "dayColorString": "#888888",
        "nightColorString": "#575757"
      },
      "fontName": "Luciole-Regular-Italic",
      "isBold": false,
      "isItalic": true,
      "isUnderlined": false,
      "textSize": 18.0
    },
    "insertedWordsOfJesusTextStyle": {
      "dayAndNightColor": {
        "dayColorString": "#6f3f3f",
        "nightColorString": "#873524"
      },
      "fontName": "Luciole-Regular-Italic",
      "isBold": false,
      "isItalic": true,
      "isUnderlined": false,
      "textSize": 18.0
    },
    "introductionTextStyle": {
      "dayAndNightColor": {
        "dayColorString": "#78443c",
        "nightColorString": "#a99041"
      },
      "fontName": "Luciole-Regular",
      "isBold": true,
      "isFixedUnderlined": true,
      "isItalic": false,
      "isUnderlined": true,
      "textSize": 23.0
    },
    "isBookmarkCommentBackgroundColored": true,
    "isShowingOldPaperBackground": true,
    "isShowingWornEdges": false,
    "isUsingSubheadingStyleFromModules": false,
    "linesSpacing": 1.0,
    "noteTextStyle": {
      "dayAndNightColor": {
        "dayColorString": "#7a8080",
        "nightColorString": "#7a8ba5"
      },
      "fontName": "Luciole-Regular-Italic",
      "isBold": false,
      "isItalic": true,
      "isUnderlined": false,
      "textSize": 16.0
    },
    "paragraphFirstLineIndent": 0.0,
    "paragraphSpacing": 10.0,
    "readingPlanColor": {
      "dayColorString": "#ff2000",
      "nightColorString": "#a01500"
    },
    "remarkMarkerTextStyle": {
      "dayAndNightColor": {
        "dayColorString": "#cc4200",
        "nightColorString": "#c55a3d"
      },
      "fontName": "Luciole-Bold",
      "isBold": true,
      "isItalic": false,
      "isUnderlined": false,
      "textSize": 15.0
    },
    "selectedTextBackgroundColor": {
      "dayColorString": "#ffffcc",
      "nightColorString": "#606060"
    },
    "strongNumbersTextStyle": {
      "dayAndNightColor": {
        "dayColorString": "#107c58",
        "nightColorString": "#1fb482"
      },
      "fontName": "Luciole-Regular",
      "isBold": false,
      "isItalic": false,
      "isUnderlined": false,
      "textSize": 15.0
    },
    "subheadingHyperlinkTextStyle": {
      "dayAndNightColor": {
        "dayColorString": "#800000",
        "nightColorString": "#b07c4d"
      },
      "fontName": "Luciole-Bold",
      "isBold": true,
      "isItalic": false,
      "isUnderlined": true,
      "textSize": 15.0
    },
    "subheadingSpacing": 10.0,
    "subheadingTextStyle": {
      "dayAndNightColor": {
        "dayColorString": "#800000",
        "nightColorString": "#b07c4d"
      },
      "fontName": "Luciole-Bold",
      "isBold": true,
      "isItalic": false,
      "isUnderlined": false,
      "textSize": 15.0
    },
    "subheadingWithHyperlinksTextStyle": {
      "dayAndNightColor": {
        "dayColorString": "#800000",
        "nightColorString": "#b07c4d"
      },
      "fontName": "Luciole-Bold",
      "isBold": true,
      "isItalic": false,
      "isUnderlined": false,
      "textSize": 15.0
    },
    "takingBibleWindowColorsFromAnotherTheme": false,
    "takingBibleWindowFontsAndSpacingFromAnotherTheme": false,
    "underlineColors": [
      {
        "dayColorString": "#000000",
        "nightColorString": "#ffffff"
      },
      {
        "dayColorString": "#c00000",
        "nightColorString": "#eb6a35"
      },
      {
        "dayColorString": "#568a1f",
        "nightColorString": "#7fec0c"
      },
      {
        "dayColorString": "#08737d",
        "nightColorString": "#16e1d2"
      },
      {
        "dayColorString": "#2f2f2f",
        "nightColorString": "#999999"
      },
      {
        "dayColorString": "#5a0000",
        "nightColorString": "#850400"
      },
      {
        "dayColorString": "#002400",
        "nightColorString": "#198600"
      },
      {
        "dayColorString": "#002731",
        "nightColorString": "#007b6c"
      }
    ],
    "underlineThickness": 2,
    "userDefinedCrossReferencesTextStyle": {
      "dayAndNightColor": {
        "dayColorString": "#3d0580",
        "nightColorString": "#7c6098"
      },
      "fontName": "Luciole-Regular",
      "isBold": false,
      "isItalic": false,
      "isUnderlined": false,
      "textSize": 15.0
    },
    "verseNumberTextStyle": {
      "dayAndNightColor": {
        "dayColorString": "#107c58",
        "nightColorString": "#1fb482"
      },
      "fontName": "Luciole-Bold",
      "isBold": true,
      "isItalic": false,
      "isUnderlined": false,
      "textSize": 15.0
    },
    "verseSpacing": 0.0,
    "verseTextStyle": {
      "dayAndNightColor": {
        "dayColorString": "#000000",
        "nightColorString": "#909090"
      },
      "fontName": "Luciole-Regular",
      "isBold": false,
      "isItalic": false,
      "isUnderlined": false,
      "textSize": 18.0
    },
    "wordsOfJesusTextStyle": {
      "dayAndNightColor": {
        "dayColorString": "#910000",
        "nightColorString": "#c96c59"
      },
      "fontName": "Luciole-Regular",
      "isBold": false,
      "isItalic": false,
      "isUnderlined": false,
      "textSize": 18.0
    }
  }
}