{
  "ancillaryWindowsAppearance": {
    "commentariesBalloonSizePercentage": 50,
    "commentariesWindowSizePercentage": 150,
    "controlButtonsMaxTextSize": 25.0,
    "devotionsWindowSizePercentage": 120,
    "dictionaryWindowSizePercentage": 50,
    "dropdownListTextSize": 14.0,
    "fontName": "Droid Sans",
    "foundTextHighlightingColor": "#3daab9",
    "isBookSelectionColorHighlighted": true,
    "isDefaultDropdownListTextSize": true,
    "isLimitingControlButtonsTextSize": true,
    "listAncillaryTextColor": "#a0a0a0",
    "listFontName": "Droid Sans",
    "listHyperlinkColor": "#75f3a5",
    "listTextSize": 17.0,
    "notesWindowSizePercentage": 110,
    "popupBackgroundColor": {
      "dayColorString": "#f8e0a9",
      "nightColorString": "#302010"
    },
    "textColor": {
      "dayColorString": "#0421ad",
      "nightColorString": "#9dcfed"
    },
    "textHighlightColor1": {
      "dayColorString": "#c00000",
      "nightColorString": "#c00000"
    },
    "textHighlightColor2": {
      "dayColorString": "#008000",
      "nightColorString": "#00b000"
    },
    "textHighlightColor3": {
      "dayColorString": "#0000ff",
      "nightColorString": "#0080ff"
    },
    "textHighlightColor4": {
      "dayColorString": "#c000c0",
      "nightColorString": "#b000b0"
    },
    "textHighlightColor5": {
      "dayColorString": "#707070",
      "nightColorString": "#686868"
    },
    "textSize": 16.0,
    "windowBackgroundColor": {
      "dayColorString": "#f4efbc",
      "nightColorString": "#060a2b"
    }
  },
  "bibleTextAppearance": {
    "activatedHyperlinkBackgroundColor": {
      "dayColorString": "#ffff00",
      "nightColorString": "#004000"
    },
    "backgroundColor": {
      "dayColorString": "#f4efbc",
      "nightColorString": "#060a2b"
    },
    "backgroundColorOpacity": 50,
    "bookTitleTextStyle": {
      "dayAndNightColor": {
        "dayColorString": "#0029ff",
        "nightColorString": "#ffc000"
      },
      "fontName": "Droid Serif",
      "isBold": true,
      "isFixedUnderlined": false,
      "isItalic": true,
      "isUnderlined": false,
      "textSize": 25.0
    },
    "bookmarkCategoryColors": [
      {
        "dayColorString": "#f2ed84",
        "nightColorString": "#74440a"
      },
      {
        "dayColorString": "#ffc8c6",
        "nightColorString": "#500000"
      },
      {
        "dayColorString": "#fad3b0",
        "nightColorString": "#522b07"
      },
      {
        "dayColorString": "#fffac3",
        "nightColorString": "#4b4700"
      },
      {
        "dayColorString": "#d5ffa9",
        "nightColorString": "#316002"
      },
      {
        "dayColorString": "#aeffd1",
        "nightColorString": "#065945"
      },
      {
        "dayColorString": "#b8fffa",
        "nightColorString": "#0c5b63"
      },
      {
        "dayColorString": "#a6c1ff",
        "nightColorString": "#001454"
      },
      {
        "dayColorString": "#ebbdff",
        "nightColorString": "#45004c"
      },
      {
        "dayColorString": "#fdadd6",
        "nightColorString": "#530024"
      },
      {
        "dayColorString": "#f0c054",
        "nightColorString": "#b06010"
      },
      {
        "dayColorString": "#facabb",
        "nightColorString": "#500000"
      },
      {
        "dayColorString": "#ffe084",
        "nightColorString": "#a06805"
      },
      {
        "dayColorString": "#dcc860",
        "nightColorString": "#4b4700"
      },
      {
        "dayColorString": "#12ea3f",
        "nightColorString": "#1ca70d"
      },
      {
        "dayColorString": "#2cde6d",
        "nightColorString": "#11884e"
      },
      {
        "dayColorString": "#b8fffa",
        "nightColorString": "#0c5b63"
      },
      {
        "dayColorString": "#c6d0e4",
        "nightColorString": "#001454"
      },
      {
        "dayColorString": "#ebbdff",
        "nightColorString": "#45004c"
      },
      {
        "dayColorString": "#a6d5c8",
        "nightColorString": "#023a3d"
      }
    ],
    "chapterNumberSpacing": 15.0,
    "chapterTitleTextStyle": {
      "dayAndNightColor": {
        "dayColorString": "#1b4d9e",
        "nightColorString": "#00b0b0"
      },
      "fontName": "Droid Serif",
      "isBold": true,
      "isItalic": true,
      "isUnderlined": false,
      "textSize": 20.0
    },
    "crossReferencesTextStyle": {
      "dayAndNightColor": {
        "dayColorString": "#009664",
        "nightColorString": "#009664"
      },
      "fontName": "Droid Sans",
      "isBold": false,
      "isItalic": true,
      "isUnderlined": false,
      "textSize": 13.0
    },
    "emphasisTextStyle": {
      "dayAndNightColor": {
        "dayColorString": "#45ab0d",
        "nightColorString": "#fcf5f5"
      },
      "fontName": "Droid Sans",
      "isBold": true,
      "isItalic": false,
      "isUnderlined": false,
      "textSize": 17.0
    },
    "emphasizedWordsOfJesusTextStyle": {
      "dayAndNightColor": {
        "dayColorString": "#ff0000",
        "nightColorString": "#ff0000"
      },
      "fontName": "Droid Sans",
      "isBold": true,
      "isItalic": false,
      "isUnderlined": false,
      "textSize": 17.0
    },
    "footnoteMarkerTextStyle": {
      "dayAndNightColor": {
        "dayColorString": "#0064b5",
        "nightColorString": "#356f9d"
      },
      "fontName": "Droid Sans Monospace",
      "isBold": true,
      "isItalic": false,
      "isUnderlined": false,
      "textSize": 12.0
    },
    "horizontalIndents": 25.0,
    "horizontalMargins": 3.5,
    "insertedWordTextStyle": {
      "dayAndNightColor": {
        "dayColorString": "#888888",
        "nightColorString": "#888888"
      },
      "fontName": "Droid Sans",
      "isBold": false,
      "isItalic": true,
      "isUnderlined": false,
      "textSize": 17.0
    },
    "insertedWordsOfJesusTextStyle": {
      "dayAndNightColor": {
        "dayColorString": "#ff7864",
        "nightColorString": "#cb0000"
      },
      "fontName": "Droid Sans",
      "isBold": false,
      "isItalic": true,
      "isUnderlined": false,
      "textSize": 17.0
    },
    "introductionTextStyle": {
      "dayAndNightColor": {
        "dayColorString": "#78443c",
        "nightColorString": "#a99041"
      },
      "fontName": "Droid Sans",
      "isBold": true,
      "isFixedUnderlined": true,
      "isItalic": false,
      "isUnderlined": true,
      "textSize": 20.0
    },
    "isShowingOldPaperBackground": false,
    "isShowingWornEdges": true,
    "isUsingSubheadingStyleFromModules": false,
    "linesSpacing": 1.0,
    "noteTextStyle": {
      "dayAndNightColor": {
        "dayColorString": "#7a8080",
        "nightColorString": "#7a8ba5"
      },
      "fontName": "Droid Sans",
      "isBold": false,
      "isItalic": true,
      "isUnderlined": false,
      "textSize": 13.0
    },
    "paragraphFirstLineIndent": 0.0,
    "paragraphSpacing": 10.0,
    "readingPlanColor": {
      "dayColorString": "#ff2000",
      "nightColorString": "#a01500"
    },
    "remarkMarkerTextStyle": {
      "dayAndNightColor": {
        "dayColorString": "#cc4200",
        "nightColorString": "#c55a3d"
      },
      "fontName": "Droid Sans",
      "isBold": true,
      "isItalic": false,
      "isUnderlined": false,
      "textSize": 12.0
    },
    "selectedTextBackgroundColor": {
      "dayColorString": "#f8dc8f",
      "nightColorString": "#b06200"
    },
    "strongNumbersTextStyle": {
      "dayAndNightColor": {
        "dayColorString": "#009664",
        "nightColorString": "#47a733"
      },
      "fontName": "Droid Sans",
      "isBold": false,
      "isItalic": false,
      "isUnderlined": false,
      "textSize": 12.5
    },
    "subheadingHyperlinkTextStyle": {
      "dayAndNightColor": {
        "dayColorString": "#bd8a11",
        "nightColorString": "#90ffbf"
      },
      "fontName": "Droid Serif",
      "isBold": false,
      "isItalic": true,
      "isUnderlined": true,
      "textSize": 19.0
    },
    "subheadingSpacing": 10.0,
    "subheadingTextStyle": {
      "dayAndNightColor": {
        "dayColorString": "#bd8a11",
        "nightColorString": "#90ffbf"
      },
      "fontName": "Droid Serif",
      "isBold": false,
      "isItalic": true,
      "isUnderlined": false,
      "textSize": 19.0
    },
    "subheadingWithHyperlinksTextStyle": {
      "dayAndNightColor": {
        "dayColorString": "#bd8a11",
        "nightColorString": "#90ffbf"
      },
      "fontName": "Droid Serif",
      "isBold": false,
      "isItalic": true,
      "isUnderlined": false,
      "textSize": 19.0
    },
    "underlineColors": [
      {
        "dayColorString": "#000000",
        "nightColorString": "#ffffff"
      },
      {
        "dayColorString": "#c00000",
        "nightColorString": "#eb6a35"
      },
      {
        "dayColorString": "#568a1f",
        "nightColorString": "#7fec0c"
      },
      {
        "dayColorString": "#08737d",
        "nightColorString": "#16e1d2"
      },
      {
        "dayColorString": "#000000",
        "nightColorString": "#ffffff"
      },
      {
        "dayColorString": "#c00000",
        "nightColorString": "#eb6a35"
      },
      {
        "dayColorString": "#568a1f",
        "nightColorString": "#7fec0c"
      },
      {
        "dayColorString": "#08737d",
        "nightColorString": "#16e1d2"
      }
    ],
    "underlineThickness": 2,
    "userDefinedCrossReferencesTextStyle": {
      "dayAndNightColor": {
        "dayColorString": "#3d0580",
        "nightColorString": "#7c6098"
      },
      "fontName": "Droid Sans",
      "isBold": false,
      "isItalic": true,
      "isUnderlined": false,
      "textSize": 13.0
    },
    "verseNumberTextStyle": {
      "dayAndNightColor": {
        "dayColorString": "#410184",
        "nightColorString": "#841bde"
      },
      "fontName": "Droid Serif",
      "isBold": true,
      "isItalic": true,
      "isUnderlined": false,
      "textSize": 17.0
    },
    "verseTextStyle": {
      "dayAndNightColor": {
        "dayColorString": "#0421ad",
        "nightColorString": "#9dcfed"
      },
      "fontName": "Droid Sans",
      "isBold": false,
      "isItalic": false,
      "isUnderlined": false,
      "textSize": 17.0
    },
    "wordsOfJesusTextStyle": {
      "dayAndNightColor": {
        "dayColorString": "#ff0000",
        "nightColorString": "#ff0000"
      },
      "fontName": "Droid Sans",
      "isBold": false,
      "isItalic": false,
      "isUnderlined": false,
      "textSize": 17.0
    }
  }
}