{
  "ancillaryWindowsAppearance": {
    "commentariesBalloonSizePercentage": 50,
    "commentariesWindowSizePercentage": 150,
    "controlButtonsMaxTextSize": 25.0,
    "devotionsWindowSizePercentage": 120,
    "dictionaryWindowSizePercentage": 50,
    "dropdownListTextSize": 14.0,
    "fontName": "Droid Sans",
    "foundTextHighlightingColor": "#3daab9",
    "isBookSelectionColorHighlighted": true,
    "isDefaultDropdownListTextSize": true,
    "isLimitingControlButtonsTextSize": true,
    "listAncillaryTextColor": "#a0a0a0",
    "listFontName": "Droid Sans",
    "listHyperlinkColor": "#75f3a5",
    "listTextSize": 17.0,
    "notesWindowSizePercentage": 110,
    "popupBackgroundColor": {
      "dayColorString": "#f8e0a9",
      "nightColorString": "#302010"
    },
    "textColor": {
      "dayColorString": "#460000",
      "nightColorString": "#d69b5e"
    },
    "textHighlightColor1": {
      "dayColorString": "#c00000",
      "nightColorString": "#c00000"
    },
    "textHighlightColor2": {
      "dayColorString": "#008000",
      "nightColorString": "#00b000"
    },
    "textHighlightColor3": {
      "dayColorString": "#0000ff",
      "nightColorString": "#0080ff"
    },
    "textHighlightColor4": {
      "dayColorString": "#c000c0",
      "nightColorString": "#b000b0"
    },
    "textHighlightColor5": {
      "dayColorString": "#707070",
      "nightColorString": "#686868"
    },
    "textSize": 17.0,
    "windowBackgroundColor": {
      "dayColorString": "#f3eddb",
      "nightColorString": "#1d130f"
    }
  },
  "bibleTextAppearance": {
    "activatedHyperlinkBackgroundColor": {
      "dayColorString": "#f3eddb",
      "nightColorString": "#1d130f"
    },
    "backgroundColor": {
      "dayColorString": "#f3eddb",
      "nightColorString": "#1d130f"
    },
    "backgroundColorOpacity": 50,
    "bookTitleTextStyle": {
      "dayAndNightColor": {
        "dayColorString": "#460000",
        "nightColorString": "#d69b5e"
      },
      "fontName": "Droid Serif",
      "isBold": true,
      "isFixedUnderlined": false,
      "isItalic": false,
      "isUnderlined": false,
      "textSize": 35.0
    },
    "bookmarkCategoryColors": [
      {
        "dayColorString": "#f2ed84",
        "nightColorString": "#74440a"
      },
      {
        "dayColorString": "#ffc8c6",
        "nightColorString": "#500000"
      },
      {
        "dayColorString": "#fad3b0",
        "nightColorString": "#522b07"
      },
      {
        "dayColorString": "#fffac3",
        "nightColorString": "#4b4700"
      },
      {
        "dayColorString": "#d5ffa9",
        "nightColorString": "#316002"
      },
      {
        "dayColorString": "#aeffd1",
        "nightColorString": "#065945"
      },
      {
        "dayColorString": "#b8fffa",
        "nightColorString": "#0c5b63"
      },
      {
        "dayColorString": "#a6c1ff",
        "nightColorString": "#001454"
      },
      {
        "dayColorString": "#ebbdff",
        "nightColorString": "#45004c"
      },
      {
        "dayColorString": "#fdadd6",
        "nightColorString": "#530024"
      },
      {
        "dayColorString": "#f2ed84",
        "nightColorString": "#74440a"
      },
      {
        "dayColorString": "#ffc8c6",
        "nightColorString": "#500000"
      },
      {
        "dayColorString": "#fad3b0",
        "nightColorString": "#522b07"
      },
      {
        "dayColorString": "#e9e293",
        "nightColorString": "#4b4700"
      },
      {
        "dayColorString": "#d5ffa9",
        "nightColorString": "#316002"
      },
      {
        "dayColorString": "#aeffd1",
        "nightColorString": "#065945"
      },
      {
        "dayColorString": "#b8fffa",
        "nightColorString": "#0c5b63"
      },
      {
        "dayColorString": "#a6c1ff",
        "nightColorString": "#001454"
      },
      {
        "dayColorString": "#ebbdff",
        "nightColorString": "#45004c"
      },
      {
        "dayColorString": "#fdadd6",
        "nightColorString": "#530024"
      }
    ],
    "chapterNumberSpacing": 15.0,
    "chapterTitleTextStyle": {
      "dayAndNightColor": {
        "dayColorString": "#460000",
        "nightColorString": "#d69b5e"
      },
      "fontName": "Droid Sans",
      "isBold": true,
      "isItalic": false,
      "isUnderlined": false,
      "textSize": 25.0
    },
    "crossReferencesTextStyle": {
      "dayAndNightColor": {
        "dayColorString": "#e25c00",
        "nightColorString": "#dedddd"
      },
      "fontName": "Droid Sans",
      "isBold": false,
      "isItalic": false,
      "isUnderlined": false,
      "textSize": 14.0
    },
    "emphasisTextStyle": {
      "dayAndNightColor": {
        "dayColorString": "#000000",
        "nightColorString": "#e7e7e7"
      },
      "fontName": "Droid Sans",
      "isBold": true,
      "isItalic": false,
      "isUnderlined": false,
      "textSize": 17.0
    },
    "emphasizedWordsOfJesusTextStyle": {
      "dayAndNightColor": {
        "dayColorString": "#ff0000",
        "nightColorString": "#b50000"
      },
      "fontName": "Droid Sans",
      "isBold": true,
      "isItalic": false,
      "isUnderlined": false,
      "textSize": 17.0
    },
    "footnoteMarkerTextStyle": {
      "dayAndNightColor": {
        "dayColorString": "#0064b5",
        "nightColorString": "#356f9d"
      },
      "fontName": "Droid Sans Monospace",
      "isBold": true,
      "isItalic": false,
      "isUnderlined": false,
      "textSize": 12.0
    },
    "horizontalIndents": 25.0,
    "horizontalMargins": 3.5,
    "insertedWordTextStyle": {
      "dayAndNightColor": {
        "dayColorString": "#888888",
        "nightColorString": "#888888"
      },
      "fontName": "Droid Sans",
      "isBold": false,
      "isItalic": true,
      "isUnderlined": false,
      "textSize": 17.0
    },
    "insertedWordsOfJesusTextStyle": {
      "dayAndNightColor": {
        "dayColorString": "#ff7864",
        "nightColorString": "#ad0404"
      },
      "fontName": "Droid Sans",
      "isBold": false,
      "isItalic": true,
      "isUnderlined": false,
      "textSize": 17.0
    },
    "introductionTextStyle": {
      "dayAndNightColor": {
        "dayColorString": "#78443c",
        "nightColorString": "#a99041"
      },
      "fontName": "Droid Sans",
      "isBold": true,
      "isFixedUnderlined": true,
      "isItalic": false,
      "isUnderlined": true,
      "textSize": 20.0
    },
    "isShowingOldPaperBackground": false,
    "isShowingWornEdges": true,
    "isUsingSubheadingStyleFromModules": false,
    "linesSpacing": 1.0,
    "noteTextStyle": {
      "dayAndNightColor": {
        "dayColorString": "#7a8080",
        "nightColorString": "#7a8ba5"
      },
      "fontName": "Droid Sans",
      "isBold": false,
      "isItalic": true,
      "isUnderlined": false,
      "textSize": 13.0
    },
    "paragraphFirstLineIndent": 0.0,
    "paragraphSpacing": 10.0,
    "readingPlanColor": {
      "dayColorString": "#ff2000",
      "nightColorString": "#a01500"
    },
    "remarkMarkerTextStyle": {
      "dayAndNightColor": {
        "dayColorString": "#cc4200",
        "nightColorString": "#c55a3d"
      },
      "fontName": "Droid Sans",
      "isBold": true,
      "isItalic": false,
      "isUnderlined": false,
      "textSize": 12.0
    },
    "selectedTextBackgroundColor": {
      "dayColorString": "#FFFF93",
      "nightColorString": "#5A3816"
    },
    "strongNumbersTextStyle": {
      "dayAndNightColor": {
        "dayColorString": "#e25c00",
        "nightColorString": "#dedddd"
      },
      "fontName": "Droid Sans",
      "isBold": false,
      "isItalic": false,
      "isUnderlined": false,
      "textSize": 10.5
    },
    "subheadingHyperlinkTextStyle": {
      "dayAndNightColor": {
        "dayColorString": "#460000",
        "nightColorString": "#d69b5e"
      },
      "fontName": "Droid Serif",
      "isBold": true,
      "isItalic": true,
      "isUnderlined": true,
      "textSize": 18.0
    },
    "subheadingSpacing": 10.0,
    "subheadingTextStyle": {
      "dayAndNightColor": {
        "dayColorString": "#460000",
        "nightColorString": "#d69b5e"
      },
      "fontName": "Droid Serif",
      "isBold": true,
      "isItalic": true,
      "isUnderlined": false,
      "textSize": 18.0
    },
    "subheadingWithHyperlinksTextStyle": {
      "dayAndNightColor": {
        "dayColorString": "#460000",
        "nightColorString": "#d69b5e"
      },
      "fontName": "Droid Serif",
      "isBold": true,
      "isItalic": true,
      "isUnderlined": false,
      "textSize": 18.0
    },
    "underlineColors": [
      {
        "dayColorString": "#000000",
        "nightColorString": "#ffffff"
      },
      {
        "dayColorString": "#c00000",
        "nightColorString": "#eb6a35"
      },
      {
        "dayColorString": "#568a1f",
        "nightColorString": "#7fec0c"
      },
      {
        "dayColorString": "#08737d",
        "nightColorString": "#16e1d2"
      },
      {
        "dayColorString": "#000000",
        "nightColorString": "#ffffff"
      },
      {
        "dayColorString": "#c00000",
        "nightColorString": "#eb6a35"
      },
      {
        "dayColorString": "#568a1f",
        "nightColorString": "#7fec0c"
      },
      {
        "dayColorString": "#08737d",
        "nightColorString": "#16e1d2"
      }
    ],
    "underlineThickness": 2,
    "userDefinedCrossReferencesTextStyle": {
      "dayAndNightColor": {
        "dayColorString": "#3d0580",
        "nightColorString": "#7c6098"
      },
      "fontName": "Droid Sans",
      "isBold": false,
      "isItalic": false,
      "isUnderlined": false,
      "textSize": 14.0
    },
    "verseNumberTextStyle": {
      "dayAndNightColor": {
        "dayColorString": "#e25c00",
        "nightColorString": "#dedddd"
      },
      "fontName": "Droid Sans",
      "isBold": false,
      "isItalic": false,
      "isUnderlined": false,
      "textSize": 15.0
    },
    "verseTextStyle": {
      "dayAndNightColor": {
        "dayColorString": "#460000",
        "nightColorString": "#d69b5e"
      },
      "fontName": "Droid Sans",
      "isBold": false,
      "isItalic": false,
      "isUnderlined": false,
      "textSize": 17.0
    },
    "wordsOfJesusTextStyle": {
      "dayAndNightColor": {
        "dayColorString": "#ff0000",
        "nightColorString": "#ff6000"
      },
      "fontName": "Droid Sans",
      "isBold": false,
      "isItalic": false,
      "isUnderlined": false,
      "textSize": 17.0
    }
  }
}