{
  "ancillaryWindowsAppearance": {
    "windowBackgroundColor": {
      "nightColorString": "#001423",
      "dayColorString": "#a5c8d7"
    },
    "textHighlightColor5": {
      "nightColorString": "#686868",
      "dayColorString": "#707070"
    },
    "textHighlightColor4": {
      "nightColorString": "#b000b0",
      "dayColorString": "#c000c0"
    },
    "textHighlightColor3": {
      "nightColorString": "#0080ff",
      "dayColorString": "#0000ff"
    },
    "textHighlightColor2": {
      "nightColorString": "#00b000",
      "dayColorString": "#008000"
    },
    "fontName": "Droid Sans",
    "foundTextHighlightingColor": "#0fc3dc",
    "textHighlightColor1": {
      "nightColorString": "#c00000",
      "dayColorString": "#c00000"
    },
    "textColor": {
      "nightColorString": "#5f96aa",
      "dayColorString": "#001e4b"
    },
    "popupBackgroundColor": {
      "nightColorString": "#302010",
      "dayColorString": "#f8e0a9"
    },
    "listFontName": "Droid Serif",
    "isLimitingControlButtonsTextSize": true,
    "listTextSize": 15.0,
    "notesWindowSizePercentage": 110,
    "isDefaultDropdownListTextSize": true,
    "isBookSelectionColorHighlighted": true,
    "dropdownListTextSize": 14.0,
    "dictionaryWindowSizePercentage": 50,
    "devotionsWindowSizePercentage": 120,
    "controlButtonsMaxTextSize": 25.0,
    "textSize": 15.0,
    "commentariesWindowSizePercentage": 150
  },
  "bibleTextAppearance": {
    "activatedHyperlinkBackgroundColor": {
      "nightColorString": "#324682",
      "dayColorString": "#32b4dc"
    },
    "backgroundColor": {
      "nightColorString": "#001423",
      "dayColorString": "#a5c8d7"
    },
    "wordsOfJesusTextStyle": {
      "dayAndNightColor": {
        "nightColorString": "#f5a06e",
        "dayColorString": "#b43700"
      },
      "fontName": "Droid Serif",
      "isItalic": false,
      "isUnderlined": false,
      "isBold": false,
      "textSize": 22.0
    },
    "bookTitleTextStyle": {
      "dayAndNightColor": {
        "nightColorString": "#ff9600",
        "dayColorString": "#ffffff"
      },
      "fontName": "Droid Serif",
      "isFixedUnderlined": false,
      "isItalic": false,
      "isUnderlined": false,
      "isBold": true,
      "textSize": 36.0
    },
    "bookmarkCategoryColors": [
      {
        "nightColorString": "#74440a",
        "dayColorString": "#f2ed84"
      },
      {
        "nightColorString": "#500000",
        "dayColorString": "#ffc8c6"
      },
      {
        "nightColorString": "#522b07",
        "dayColorString": "#fad3b0"
      },
      {
        "nightColorString": "#4b4700",
        "dayColorString": "#fffac3"
      },
      {
        "nightColorString": "#316002",
        "dayColorString": "#d5ffa9"
      },
      {
        "nightColorString": "#065945",
        "dayColorString": "#aeffd1"
      },
      {
        "nightColorString": "#0c5b63",
        "dayColorString": "#b8fffa"
      },
      {
        "nightColorString": "#001454",
        "dayColorString": "#a6c1ff"
      },
      {
        "nightColorString": "#45004c",
        "dayColorString": "#ebbdff"
      },
      {
        "nightColorString": "#530024",
        "dayColorString": "#fdadd6"
      },
      {
        "nightColorString": "#74440a",
        "dayColorString": "#f2ed84"
      },
      {
        "nightColorString": "#500000",
        "dayColorString": "#ffc8c6"
      },
      {
        "nightColorString": "#522b07",
        "dayColorString": "#fad3b0"
      },
      {
        "nightColorString": "#4b4700",
        "dayColorString": "#fffac3"
      },
      {
        "nightColorString": "#316002",
        "dayColorString": "#d5ffa9"
      },
      {
        "nightColorString": "#065945",
        "dayColorString": "#aeffd1"
      },
      {
        "nightColorString": "#0c5b63",
        "dayColorString": "#b8fffa"
      },
      {
        "nightColorString": "#001454",
        "dayColorString": "#a6c1ff"
      },
      {
        "nightColorString": "#45004c",
        "dayColorString": "#ebbdff"
      },
      {
        "nightColorString": "#530024",
        "dayColorString": "#fdadd6"
      }
    ],
    "verseTextStyle": {
      "dayAndNightColor": {
        "nightColorString": "#5f96aa",
        "dayColorString": "#001e4b"
      },
      "fontName": "Droid Serif",
      "isItalic": false,
      "isUnderlined": false,
      "isBold": false,
      "textSize": 22.0
    },
    "verseNumberTextStyle": {
      "dayAndNightColor": {
        "nightColorString": "#90b1e2",
        "dayColorString": "#00325a"
      },
      "fontName": "Droid Serif",
      "isItalic": false,
      "isUnderlined": false,
      "isBold": false,
      "textSize": 22.0
    },
    "chapterTitleTextStyle": {
      "dayAndNightColor": {
        "nightColorString": "#ff9600",
        "dayColorString": "#ffffff"
      },
      "fontName": "Droid Serif",
      "isItalic": false,
      "isUnderlined": false,
      "isBold": true,
      "textSize": 24.0
    },
    "underlineColors": [
      {
        "nightColorString": "#ffffff",
        "dayColorString": "#000000"
      },
      {
        "nightColorString": "#eb6a35",
        "dayColorString": "#c00000"
      },
      {
        "nightColorString": "#7fec0c",
        "dayColorString": "#568a1f"
      },
      {
        "nightColorString": "#16e1d2",
        "dayColorString": "#08737d"
      },
      {
        "nightColorString": "#ffffff",
        "dayColorString": "#000000"
      },
      {
        "nightColorString": "#eb6a35",
        "dayColorString": "#c00000"
      },
      {
        "nightColorString": "#7fec0c",
        "dayColorString": "#568a1f"
      },
      {
        "nightColorString": "#16e1d2",
        "dayColorString": "#08737d"
      }
    ],
    "crossReferencesTextStyle": {
      "dayAndNightColor": {
        "nightColorString": "#afa51e",
        "dayColorString": "#4164c3"
      },
      "fontName": "Droid Sans",
      "isItalic": false,
      "isUnderlined": false,
      "isBold": true,
      "textSize": 16.5
    },
    "userDefinedCrossReferencesTextStyle": {
      "dayAndNightColor": {
        "nightColorString": "#7c6098",
        "dayColorString": "#3d0580"
      },
      "fontName": "Droid Sans",
      "isItalic": false,
      "isUnderlined": false,
      "isBold": true,
      "textSize": 16.5
    },
    "emphasisTextStyle": {
      "dayAndNightColor": {
        "nightColorString": "#5f96aa",
        "dayColorString": "#001e4b"
      },
      "fontName": "Droid Sans",
      "isItalic": false,
      "isUnderlined": false,
      "isBold": true,
      "textSize": 22.0
    },
    "emphasizedWordsOfJesusTextStyle": {
      "dayAndNightColor": {
        "nightColorString": "#f5a06e",
        "dayColorString": "#b43700"
      },
      "fontName": "Droid Serif",
      "isItalic": false,
      "isUnderlined": false,
      "isBold": true,
      "textSize": 22.0
    },
    "footnoteMarkerTextStyle": {
      "dayAndNightColor": {
        "nightColorString": "#356f9d",
        "dayColorString": "#0064b5"
      },
      "fontName": "Droid Sans Monospace",
      "isItalic": false,
      "isUnderlined": false,
      "isBold": true,
      "textSize": 12.0
    },
    "subheadingTextStyle": {
      "dayAndNightColor": {
        "nightColorString": "#d2e1ff",
        "dayColorString": "#00325a"
      },
      "fontName": "Droid Serif",
      "isItalic": true,
      "isUnderlined": false,
      "isBold": true,
      "textSize": 20.0
    },
    "strongNumbersTextStyle": {
      "dayAndNightColor": {
        "nightColorString": "#b07b27",
        "dayColorString": "#64649b"
      },
      "fontName": "Droid Sans",
      "isItalic": false,
      "isUnderlined": false,
      "isBold": false,
      "textSize": 12.0
    },
    "selectedTextBackgroundColor": {
      "nightColorString": "#001941",
      "dayColorString": "#9bd2fa"
    },
    "remarkMarkerTextStyle": {
      "dayAndNightColor": {
        "nightColorString": "#c55a3d",
        "dayColorString": "#cc4200"
      },
      "fontName": "Droid Sans",
      "isItalic": false,
      "isUnderlined": false,
      "isBold": true,
      "textSize": 12.0
    },
    "insertedWordTextStyle": {
      "dayAndNightColor": {
        "nightColorString": "#888888",
        "dayColorString": "#616161"
      },
      "fontName": "Droid Serif",
      "isItalic": true,
      "isUnderlined": false,
      "isBold": false,
      "textSize": 22.0
    },
    "insertedWordsOfJesusTextStyle": {
      "dayAndNightColor": {
        "nightColorString": "#f5a06e",
        "dayColorString": "#b43700"
      },
      "fontName": "Droid Serif",
      "isItalic": true,
      "isUnderlined": false,
      "isBold": false,
      "textSize": 22.0
    },
    "introductionTextStyle": {
      "dayAndNightColor": {
        "nightColorString": "#a99041",
        "dayColorString": "#78443c"
      },
      "fontName": "Droid Sans",
      "isFixedUnderlined": true,
      "isItalic": false,
      "isUnderlined": true,
      "isBold": true,
      "textSize": 20.0
    },
    "readingPlanColor": {
      "nightColorString": "#284b96",
      "dayColorString": "#00afff"
    },
    "noteTextStyle": {
      "dayAndNightColor": {
        "nightColorString": "#7a8ba5",
        "dayColorString": "#7a8080"
      },
      "fontName": "Droid Sans",
      "isItalic": true,
      "isUnderlined": false,
      "isBold": false,
      "textSize": 13.0
    },
    "linesSpacing": 1.0,
    "isUsingSubheadingStyleFromModules": false,
    "isShowingWornEdges": false,
    "paragraphFirstLineIndent": 0.0,
    "paragraphSpacing": 10.0,
    "isShowingOldPaperBackground": false,
    "horizontalMargins": 3.5,
    "subheadingSpacing": 10.0,
    "horizontalIndents": 25.0,
    "underlineThickness": 2,
    "chapterNumberSpacing": 15.0,
    "backgroundColorOpacity": 50
  }
}