{
  "ancillaryWindowsAppearance": {
    "balloonSizePercentage": 50,
    "balloonWidthPercentage": 100,
    "commentariesBalloonSizePercentage": 50,
    "commentariesWindowSizePercentage": 75,
    "contentFontName": "Droid Sans",
    "contentFontSize": 12.0,
    "controlButtonsMaxTextSize": 17.0,
    "devotionsWindowSizePercentage": 95,
    "dictionaryWindowSizePercentage": 70,
    "dropdownListTextSize": 17.0,
    "fontName": "Droid Serif",
    "foundTextHighlightingColor": "#3daab9",
    "isBookSelectionColorHighlighted": true,
    "isDefaultDropdownListTextSize": true,
    "isLimitingControlButtonsTextSize": true,
    "isWithBackgroundForBalloonButtons": false,
    "isWithWideDialogButtons": false,
    "listAncillaryTextColor": "#a0a0a0",
    "listFontName": "Droid Sans",
    "listHyperlinkColor": "#75f3a5",
    "listTextSize": 13.0,
    "notesWindowSizePercentage": 80,
    "popupBackgroundColor": {
      "dayColorString": "#f8e0a9",
      "nightColorString": "#302010"
    },
    "takingInterfaceColorsFromAnotherTheme": false,
    "takingInterfaceFontsAndSizesFromAnotherTheme": false,
    "textColor": {
      "dayColorString": "#000000",
      "nightColorString": "#e7e7e7"
    },
    "textHighlightColor1": {
      "dayColorString": "#c00000",
      "nightColorString": "#c00000"
    },
    "textHighlightColor2": {
      "dayColorString": "#008000",
      "nightColorString": "#00b000"
    },
    "textHighlightColor3": {
      "dayColorString": "#0000ff",
      "nightColorString": "#0080ff"
    },
    "textHighlightColor4": {
      "dayColorString": "#c000c0",
      "nightColorString": "#b000b0"
    },
    "textHighlightColor5": {
      "dayColorString": "#707070",
      "nightColorString": "#686868"
    },
    "textSize": 12.0,
    "themeNameToTakeInterfaceColorsFrom": "MyBible original",
    "themeNameToTakeInterfaceFontsAndSizesFrom": "MyBible original",
    "version": 4,
    "windowBackgroundColor": {
      "dayColorString": "#e7cba6",
      "nightColorString": "#111111"
    },
    "ancillaryTextScalePercent": 80,
    "buttonCornersRadius": 0.0,
    "cardViewCornersRadius": 7.0,
    "cardViewElevation": 2.5,
    "cardViewIndent": 6.0,
    "headerAreaElevation": 10.0,
    "headingTextScalePercent": 110,
    "interfaceFontName": "Droid Sans",
    "interfaceFontSize": 15.0,
    "isPositionSelectionButtonsTextSizeLimited": true,
    "isPositionSelectionWithSeparators": true,
    "isUsingCardViewForListItems": false,
    "mainWindowControlButtonWidth": 35,
    "mainWindowControlsHeight": 38,
    "menuFontSize": 13.5,
    "menuIconSize": 30.0,
    "notesFontName": "Droid Sans",
    "notesFontSize": 18.0,
    "panelElevation": 10.0,
    "positionSelectionButtonsMaxTextSize": 17.0,
    "bookSelectionActs": {
      "backgroundColor": {
        "dayColorString": "#ffffff",
        "nightColorString": "#202020"
      },
      "foregroundColor": {
        "dayColorString": "#00ffff",
        "nightColorString": "#00a6a6"
      }
    },
    "bookSelectionColoring": "FROM_THEME_FOREGROUND_ONLY",
    "bookSelectionEpistlesByPaul": {
      "backgroundColor": {
        "dayColorString": "#ffffff",
        "nightColorString": "#202020"
      },
      "foregroundColor": {
        "dayColorString": "#ffff00",
        "nightColorString": "#a6a600"
      }
    },
    "bookSelectionGeneralEpistles": {
      "backgroundColor": {
        "dayColorString": "#ffffff",
        "nightColorString": "#202020"
      },
      "foregroundColor": {
        "dayColorString": "#00ff00",
        "nightColorString": "#00a600"
      }
    },
    "bookSelectionGospels": {
      "backgroundColor": {
        "dayColorString": "#ffffff",
        "nightColorString": "#202020"
      },
      "foregroundColor": {
        "dayColorString": "#ff6600",
        "nightColorString": "#a64200"
      }
    },
    "bookSelectionHistoricalBooks": {
      "backgroundColor": {
        "dayColorString": "#d0d0d0",
        "nightColorString": "#505050"
      },
      "foregroundColor": {
        "dayColorString": "#ffcc99",
        "nightColorString": "#a67b50"
      }
    },
    "bookSelectionMajorProphets": {
      "backgroundColor": {
        "dayColorString": "#d0d0d0",
        "nightColorString": "#505050"
      },
      "foregroundColor": {
        "dayColorString": "#ff9fb4",
        "nightColorString": "#a65566"
      }
    },
    "bookSelectionMinorProphets": {
      "backgroundColor": {
        "dayColorString": "#d0d0d0",
        "nightColorString": "#505050"
      },
      "foregroundColor": {
        "dayColorString": "#ffff99",
        "nightColorString": "#a6a650"
      }
    },
    "bookSelectionNonCanonical": {
      "backgroundColor": {
        "dayColorString": "#ffffff",
        "nightColorString": "#202020"
      },
      "foregroundColor": {
        "dayColorString": "#C0C0C0",
        "nightColorString": "#7d7d7d"
      }
    },
    "bookSelectionPentateuch": {
      "backgroundColor": {
        "dayColorString": "#d0d0d0",
        "nightColorString": "#505050"
      },
      "foregroundColor": {
        "dayColorString": "#ccccff",
        "nightColorString": "#7b7ba6"
      }
    },
    "bookSelectionPoeticBooks": {
      "backgroundColor": {
        "dayColorString": "#d0d0d0",
        "nightColorString": "#505050"
      },
      "foregroundColor": {
        "dayColorString": "#66ff99",
        "nightColorString": "#24a650"
      }
    },
    "bookSelectionRevelation": {
      "backgroundColor": {
        "dayColorString": "#ffffff",
        "nightColorString": "#202020"
      },
      "foregroundColor": {
        "dayColorString": "#ff7c80",
        "nightColorString": "#a6373a"
      }
    },
    "contentBalloon": {
      "color1": {
        "dayColorString": "#c00000",
        "nightColorString": "#c00000"
      },
      "color2": {
        "dayColorString": "#008000",
        "nightColorString": "#00b000"
      },
      "color3": {
        "dayColorString": "#1a3eff",
        "nightColorString": "#0080ff"
      },
      "color4": {
        "dayColorString": "#c000c0",
        "nightColorString": "#b000b0"
      },
      "color5": {
        "dayColorString": "#707070",
        "nightColorString": "#686868"
      },
      "ancillaryTextColor": {
        "dayColorString": "#525252",
        "nightColorString": "#808080"
      },
      "elementWithoutBackground": {
        "disabledState": {
          "dayColorString": "#707070",
          "nightColorString": "#404040"
        },
        "enabledState": {
          "dayColorString": "#000000",
          "nightColorString": "#909090"
        },
        "pressedState": {
          "dayColorString": "#f3f3f3",
          "nightColorString": "#f3f3f3"
        }
      },
      "foundTextColor": {
        "dayColorString": "#3caab9",
        "nightColorString": "#3caab9"
      },
      "groupBackgroundColor": {
        "dayColorString": "#cccccc",
        "nightColorString": "#444444"
      },
      "highlightedBackgroundColor": {
        "dayColorString": "#555555",
        "nightColorString": "#555555"
      },
      "highlightedElementColor": {
        "dayColorString": "#cccccc",
        "nightColorString": "#444444"
      },
      "highlightedTextColor": {
        "dayColorString": "#cece9c",
        "nightColorString": "#fbfc1a"
      },
      "hyperlinkTextColor": {
        "dayColorString": "#008156",
        "nightColorString": "#4c8f77"
      },
      "opaqueButton": {
        "disabledState": {
          "backgroundColor": {
            "dayColorString": "#cc9d3a",
            "nightColorString": "#cc9d3a"
          },
          "foregroundColor": {
            "dayColorString": "#787878",
            "nightColorString": "#787878"
          }
        },
        "enabledState": {
          "backgroundColor": {
            "dayColorString": "#f9cf75",
            "nightColorString": "#f9cf75"
          },
          "foregroundColor": {
            "dayColorString": "#000000",
            "nightColorString": "#000000"
          }
        },
        "pressedState": {
          "backgroundColor": {
            "dayColorString": "#cc9d3a",
            "nightColorString": "#cc9d3a"
          },
          "foregroundColor": {
            "dayColorString": "#000000",
            "nightColorString": "#000000"
          }
        }
      },
      "separatorColor": {
        "dayColorString": "#664100",
        "nightColorString": "#2b2b2b"
      },
      "transparentButton": {
        "disabledState": {
          "backgroundColor": {
            "dayColorString": "#fff7ce",
            "nightColorString": "#2b2a2a"
          },
          "foregroundColor": {
            "dayColorString": "#707070",
            "nightColorString": "#404040"
          }
        },
        "enabledState": {
          "backgroundColor": {
            "dayColorString": "#fff7ce",
            "nightColorString": "#2b2a2a"
          },
          "foregroundColor": {
            "dayColorString": "#3e3023",
            "nightColorString": "#9f9f9f"
          }
        },
        "pressedState": {
          "backgroundColor": {
            "dayColorString": "#35829e",
            "nightColorString": "#293b41"
          },
          "foregroundColor": {
            "dayColorString": "#ffffff",
            "nightColorString": "#9f9f9f"
          }
        }
      },
      "transparentButtonForegroundColor2": {
        "dayColorString": "#cccccc",
        "nightColorString": "#444444"
      },
      "backgroundColor": {
        "dayColorString": "#fff2d1",
        "nightColorString": "#302010"
      },
      "foregroundColor": {
        "dayColorString": "#000000",
        "nightColorString": "#e7e7e7"
      }
    },
    "contentWindow": {
      "color1": {
        "dayColorString": "#000000",
        "nightColorString": "#c00000"
      },
      "color2": {
        "dayColorString": "#4b8134",
        "nightColorString": "#00b000"
      },
      "color3": {
        "dayColorString": "#a8a853",
        "nightColorString": "#0080ff"
      },
      "color4": {
        "dayColorString": "#a316a3",
        "nightColorString": "#b000b0"
      },
      "color5": {
        "dayColorString": "#707070",
        "nightColorString": "#686868"
      },
      "ancillaryTextColor": {
        "dayColorString": "#505050",
        "nightColorString": "#808080"
      },
      "elementWithoutBackground": {
        "disabledState": {
          "dayColorString": "#707070",
          "nightColorString": "#404040"
        },
        "enabledState": {
          "dayColorString": "#000000",
          "nightColorString": "#909090"
        },
        "pressedState": {
          "dayColorString": "#f3f3f3",
          "nightColorString": "#f3f3f3"
        }
      },
      "foundTextColor": {
        "dayColorString": "#3caab9",
        "nightColorString": "#3caab9"
      },
      "groupBackgroundColor": {
        "dayColorString": "#cccccc",
        "nightColorString": "#444444"
      },
      "highlightedBackgroundColor": {
        "dayColorString": "#555555",
        "nightColorString": "#555555"
      },
      "highlightedElementColor": {
        "dayColorString": "#cccccc",
        "nightColorString": "#444444"
      },
      "highlightedTextColor": {
        "dayColorString": "#c0c091",
        "nightColorString": "#fbfc1a"
      },
      "hyperlinkTextColor": {
        "dayColorString": "#323232",
        "nightColorString": "#4c8f77"
      },
      "opaqueButton": {
        "disabledState": {
          "backgroundColor": {
            "dayColorString": "#002e3e",
            "nightColorString": "#002e3e"
          },
          "foregroundColor": {
            "dayColorString": "#4c4c4c",
            "nightColorString": "#4c4c4c"
          }
        },
        "enabledState": {
          "backgroundColor": {
            "dayColorString": "#002e3e",
            "nightColorString": "#002e3e"
          },
          "foregroundColor": {
            "dayColorString": "#f3f3f3",
            "nightColorString": "#c2c2c2"
          }
        },
        "pressedState": {
          "backgroundColor": {
            "dayColorString": "#2a7793",
            "nightColorString": "#293b41"
          },
          "foregroundColor": {
            "dayColorString": "#f3f3f3",
            "nightColorString": "#f3f3f3"
          }
        }
      },
      "separatorColor": {
        "dayColorString": "#707070",
        "nightColorString": "#232323"
      },
      "transparentButton": {
        "disabledState": {
          "backgroundColor": {
            "dayColorString": "#e7cba6",
            "nightColorString": "#111111"
          },
          "foregroundColor": {
            "dayColorString": "#707070",
            "nightColorString": "#404040"
          }
        },
        "enabledState": {
          "backgroundColor": {
            "dayColorString": "#e7cba6",
            "nightColorString": "#111111"
          },
          "foregroundColor": {
            "dayColorString": "#000000",
            "nightColorString": "#c2c2c2"
          }
        },
        "pressedState": {
          "backgroundColor": {
            "dayColorString": "#35829e",
            "nightColorString": "#293b41"
          },
          "foregroundColor": {
            "dayColorString": "#000000",
            "nightColorString": "#909090"
          }
        }
      },
      "transparentButtonForegroundColor2": {
        "dayColorString": "#cccccc",
        "nightColorString": "#444444"
      },
      "backgroundColor": {
        "dayColorString": "#fff2d1",
        "nightColorString": "#111111"
      },
      "foregroundColor": {
        "dayColorString": "#000000",
        "nightColorString": "#e7e7e7"
      }
    },
    "interfacePanel": {
      "ancillaryTextColor": {
        "dayColorString": "#a0a0a0",
        "nightColorString": "#878787"
      },
      "elementWithoutBackground": {
        "disabledState": {
          "dayColorString": "#5e5e5e",
          "nightColorString": "#5e5e5e"
        },
        "enabledState": {
          "dayColorString": "#3c8fae",
          "nightColorString": "#427e95"
        },
        "pressedState": {
          "dayColorString": "#00b9ff",
          "nightColorString": "#f3f3f3"
        }
      },
      "foundTextColor": {
        "dayColorString": "#3ca7b5",
        "nightColorString": "#6191a2"
      },
      "groupBackgroundColor": {
        "dayColorString": "#cccccc",
        "nightColorString": "#444444"
      },
      "highlightedBackgroundColor": {
        "dayColorString": "#3c929b",
        "nightColorString": "#555555"
      },
      "highlightedElementColor": {
        "dayColorString": "#cccccb",
        "nightColorString": "#cccccc"
      },
      "highlightedTextColor": {
        "dayColorString": "#ccc996",
        "nightColorString": "#b1b15a"
      },
      "hyperlinkTextColor": {
        "dayColorString": "#77f1a6",
        "nightColorString": "#77f1a6"
      },
      "opaqueButton": {
        "disabledState": {
          "backgroundColor": {
            "dayColorString": "#002e3e",
            "nightColorString": "#002e3e"
          },
          "foregroundColor": {
            "dayColorString": "#4c4c4c",
            "nightColorString": "#4c4c4c"
          }
        },
        "enabledState": {
          "backgroundColor": {
            "dayColorString": "#002e3e",
            "nightColorString": "#002e3e"
          },
          "foregroundColor": {
            "dayColorString": "#fffad5",
            "nightColorString": "#a8a8a8"
          }
        },
        "pressedState": {
          "backgroundColor": {
            "dayColorString": "#2a7793",
            "nightColorString": "#293b41"
          },
          "foregroundColor": {
            "dayColorString": "#f3f3f3",
            "nightColorString": "#f3f3f3"
          }
        }
      },
      "separatorColor": {
        "dayColorString": "#101010",
        "nightColorString": "#222222"
      },
      "transparentButton": {
        "disabledState": {
          "backgroundColor": {
            "dayColorString": "#404040",
            "nightColorString": "#404040"
          },
          "foregroundColor": {
            "dayColorString": "#777777",
            "nightColorString": "#5e5e5e"
          }
        },
        "enabledState": {
          "backgroundColor": {
            "dayColorString": "#404040",
            "nightColorString": "#404040"
          },
          "foregroundColor": {
            "dayColorString": "#fffee0",
            "nightColorString": "#afafaf"
          }
        },
        "pressedState": {
          "backgroundColor": {
            "dayColorString": "#347a9e",
            "nightColorString": "#293b41"
          },
          "foregroundColor": {
            "dayColorString": "#d6e6ec",
            "nightColorString": "#d6d6d6"
          }
        }
      },
      "transparentButtonForegroundColor2": {
        "dayColorString": "#d6d6d6",
        "nightColorString": "#bebebe"
      },
      "backgroundColor": {
        "dayColorString": "#2f2f2f",
        "nightColorString": "#323232"
      },
      "foregroundColor": {
        "dayColorString": "#fffddf",
        "nightColorString": "#afafaf"
      }
    },
    "interfaceWindow": {
      "ancillaryTextColor": {
        "dayColorString": "#f7ffcf",
        "nightColorString": "#a0a0a0"
      },
      "elementWithoutBackground": {
        "disabledState": {
          "dayColorString": "#6c6c6c",
          "nightColorString": "#6c6c6c"
        },
        "enabledState": {
          "dayColorString": "#d5d087",
          "nightColorString": "#008bb9"
        },
        "pressedState": {
          "dayColorString": "#e6e9d1",
          "nightColorString": "#82aebd"
        }
      },
      "foundTextColor": {
        "dayColorString": "#d6d79d",
        "nightColorString": "#3daab9"
      },
      "groupBackgroundColor": {
        "dayColorString": "#232323",
        "nightColorString": "#232323"
      },
      "highlightedBackgroundColor": {
        "dayColorString": "#373737",
        "nightColorString": "#373737"
      },
      "highlightedElementColor": {
        "dayColorString": "#150f0f",
        "nightColorString": "#4b798a"
      },
      "highlightedTextColor": {
        "dayColorString": "#ffffb5",
        "nightColorString": "#b6b845"
      },
      "hyperlinkTextColor": {
        "dayColorString": "#75f3a5",
        "nightColorString": "#75f3a5"
      },
      "opaqueButton": {
        "disabledState": {
          "backgroundColor": {
            "dayColorString": "#d4cd9b",
            "nightColorString": "#002e3e"
          },
          "foregroundColor": {
            "dayColorString": "#4c4c4c",
            "nightColorString": "#4c4c4c"
          }
        },
        "enabledState": {
          "backgroundColor": {
            "dayColorString": "#a19a5c",
            "nightColorString": "#002e3e"
          },
          "foregroundColor": {
            "dayColorString": "#fffce4",
            "nightColorString": "#b7c3c7"
          }
        },
        "pressedState": {
          "backgroundColor": {
            "dayColorString": "#b1a77c",
            "nightColorString": "#293b41"
          },
          "foregroundColor": {
            "dayColorString": "#ffffff",
            "nightColorString": "#f3f3f3"
          }
        }
      },
      "separatorColor": {
        "dayColorString": "#565656",
        "nightColorString": "#565656"
      },
      "transparentButton": {
        "disabledState": {
          "backgroundColor": {
            "dayColorString": "#404040",
            "nightColorString": "#404040"
          },
          "foregroundColor": {
            "dayColorString": "#4c4c4c",
            "nightColorString": "#4c4c4c"
          }
        },
        "enabledState": {
          "backgroundColor": {
            "dayColorString": "#404040",
            "nightColorString": "#404040"
          },
          "foregroundColor": {
            "dayColorString": "#f9ffde",
            "nightColorString": "#a7a7a7"
          }
        },
        "pressedState": {
          "backgroundColor": {
            "dayColorString": "#919249",
            "nightColorString": "#293b41"
          },
          "foregroundColor": {
            "dayColorString": "#d6d6d6",
            "nightColorString": "#d6d6d6"
          }
        }
      },
      "transparentButtonForegroundColor2": {
        "dayColorString": "#d1d1d1",
        "nightColorString": "#d6d6d6"
      },
      "backgroundColor": {
        "dayColorString": "#181818",
        "nightColorString": "#181818"
      },
      "foregroundColor": {
        "dayColorString": "#ffffff",
        "nightColorString": "#a7a7a7"
      }
    },
    "mainWindowControls": {
      "ancillaryTextColor": {
        "dayColorString": "#bebebe",
        "nightColorString": "#929292"
      },
      "elementWithoutBackground": {
        "disabledState": {
          "dayColorString": "#878787",
          "nightColorString": "#5e5e5e"
        },
        "enabledState": {
          "dayColorString": "#ffffc2",
          "nightColorString": "#515151"
        },
        "pressedState": {
          "dayColorString": "#a1a1a1",
          "nightColorString": "#616161"
        }
      },
      "foundTextColor": {
        "dayColorString": "#cccccc",
        "nightColorString": "#444444"
      },
      "groupBackgroundColor": {
        "dayColorString": "#cccccc",
        "nightColorString": "#444444"
      },
      "highlightedBackgroundColor": {
        "dayColorString": "#2d2d2d",
        "nightColorString": "#3e3e3e"
      },
      "highlightedElementColor": {
        "dayColorString": "#33b5e5",
        "nightColorString": "#1f6d89"
      },
      "highlightedTextColor": {
        "dayColorString": "#ffffff",
        "nightColorString": "#d9d9d9"
      },
      "hyperlinkTextColor": {
        "dayColorString": "#cccccc",
        "nightColorString": "#444444"
      },
      "opaqueButton": {
        "disabledState": {
          "backgroundColor": {
            "dayColorString": "#484848",
            "nightColorString": "#262626"
          },
          "foregroundColor": {
            "dayColorString": "#6a674a",
            "nightColorString": "#4a4a4a"
          }
        },
        "enabledState": {
          "backgroundColor": {
            "dayColorString": "#474747",
            "nightColorString": "#262626"
          },
          "foregroundColor": {
            "dayColorString": "#e5dfcf",
            "nightColorString": "#999999"
          }
        },
        "pressedState": {
          "backgroundColor": {
            "dayColorString": "#297793",
            "nightColorString": "#194758"
          },
          "foregroundColor": {
            "dayColorString": "#d4e4e9",
            "nightColorString": "#999999"
          }
        }
      },
      "separatorColor": {
        "dayColorString": "#121212",
        "nightColorString": "#000000"
      },
      "transparentButton": {
        "disabledState": {
          "backgroundColor": {
            "dayColorString": "#404040",
            "nightColorString": "#404040"
          },
          "foregroundColor": {
            "dayColorString": "#d2d2d2",
            "nightColorString": "#828282"
          }
        },
        "enabledState": {
          "backgroundColor": {
            "dayColorString": "#404040",
            "nightColorString": "#404040"
          },
          "foregroundColor": {
            "dayColorString": "#d8d3bd",
            "nightColorString": "#828282"
          }
        },
        "pressedState": {
          "backgroundColor": {
            "dayColorString": "#9a9461",
            "nightColorString": "#194758"
          },
          "foregroundColor": {
            "dayColorString": "#d4e4e9",
            "nightColorString": "#999999"
          }
        }
      },
      "transparentButtonForegroundColor2": {
        "dayColorString": "#cccccc",
        "nightColorString": "#444444"
      },
      "backgroundColor": {
        "dayColorString": "#292929",
        "nightColorString": "#131313"
      },
      "foregroundColor": {
        "dayColorString": "#ffffff",
        "nightColorString": "#626262"
      }
    },
    "windowHeader": {
      "ancillaryTextColor": {
        "dayColorString": "#f6ffbd",
        "nightColorString": "#a0a0a0"
      },
      "elementWithoutBackground": {
        "disabledState": {
          "dayColorString": "#cccccc",
          "nightColorString": "#444444"
        },
        "enabledState": {
          "dayColorString": "#cccccc",
          "nightColorString": "#444444"
        },
        "pressedState": {
          "dayColorString": "#cccccc",
          "nightColorString": "#444444"
        }
      },
      "foundTextColor": {
        "dayColorString": "#cccccc",
        "nightColorString": "#444444"
      },
      "groupBackgroundColor": {
        "dayColorString": "#cccccc",
        "nightColorString": "#444444"
      },
      "highlightedBackgroundColor": {
        "dayColorString": "#c3c190",
        "nightColorString": "#002e3e"
      },
      "highlightedElementColor": {
        "dayColorString": "#cccccc",
        "nightColorString": "#444444"
      },
      "highlightedTextColor": {
        "dayColorString": "#d9d9d9",
        "nightColorString": "#d9d9d9"
      },
      "hyperlinkTextColor": {
        "dayColorString": "#cccccc",
        "nightColorString": "#444444"
      },
      "opaqueButton": {
        "disabledState": {
          "backgroundColor": {
            "dayColorString": "#cccccc",
            "nightColorString": "#444444"
          },
          "foregroundColor": {
            "dayColorString": "#cccccc",
            "nightColorString": "#444444"
          }
        },
        "enabledState": {
          "backgroundColor": {
            "dayColorString": "#cccccc",
            "nightColorString": "#444444"
          },
          "foregroundColor": {
            "dayColorString": "#cccccc",
            "nightColorString": "#444444"
          }
        },
        "pressedState": {
          "backgroundColor": {
            "dayColorString": "#cccccc",
            "nightColorString": "#444444"
          },
          "foregroundColor": {
            "dayColorString": "#cccccc",
            "nightColorString": "#444444"
          }
        }
      },
      "separatorColor": {
        "dayColorString": "#dcded6",
        "nightColorString": "#4491ae"
      },
      "transparentButton": {
        "disabledState": {
          "backgroundColor": {
            "dayColorString": "#181818",
            "nightColorString": "#181818"
          },
          "foregroundColor": {
            "dayColorString": "#4d6d78",
            "nightColorString": "#5e5e5e"
          }
        },
        "enabledState": {
          "backgroundColor": {
            "dayColorString": "#181818",
            "nightColorString": "#181818"
          },
          "foregroundColor": {
            "dayColorString": "#d6d6d6",
            "nightColorString": "#d6d6d6"
          }
        },
        "pressedState": {
          "backgroundColor": {
            "dayColorString": "#335561",
            "nightColorString": "#293b41"
          },
          "foregroundColor": {
            "dayColorString": "#d6dddf",
            "nightColorString": "#d6d6d6"
          }
        }
      },
      "transparentButtonForegroundColor2": {
        "dayColorString": "#cccccc",
        "nightColorString": "#444444"
      },
      "backgroundColor": {
        "dayColorString": "#232323",
        "nightColorString": "#181818"
      },
      "foregroundColor": {
        "dayColorString": "#ececec",
        "nightColorString": "#d9d9d9"
      }
    }
  },
  "bibleTextAppearance": {
    "activatedHyperlinkBackgroundColor": {
      "dayColorString": "#ffecbe",
      "nightColorString": "#004000"
    },
    "backgroundColor": {
      "dayColorString": "#ffffff",
      "nightColorString": "#111111"
    },
    "backgroundColorOpacity": 50,
    "bookTitleSpacing": 10.0,
    "bookTitleTextStyle": {
      "dayAndNightColor": {
        "dayColorString": "#000000",
        "nightColorString": "#0a1654"
      },
      "fontName": "Droid Serif",
      "isBold": true,
      "isFixedUnderlined": false,
      "isItalic": false,
      "isUnderlined": false,
      "textSize": 30.0
    },
    "bookmarkCategoryColors": [
      {
        "dayColorString": "#f2ed84",
        "nightColorString": "#74440a"
      },
      {
        "dayColorString": "#ffc8c6",
        "nightColorString": "#500000"
      },
      {
        "dayColorString": "#fad3b0",
        "nightColorString": "#522b07"
      },
      {
        "dayColorString": "#fffac3",
        "nightColorString": "#4b4700"
      },
      {
        "dayColorString": "#d5ffa9",
        "nightColorString": "#316002"
      },
      {
        "dayColorString": "#aeffd1",
        "nightColorString": "#065945"
      },
      {
        "dayColorString": "#b8fffa",
        "nightColorString": "#0c5b63"
      },
      {
        "dayColorString": "#a6c1ff",
        "nightColorString": "#001454"
      },
      {
        "dayColorString": "#ebbdff",
        "nightColorString": "#45004c"
      },
      {
        "dayColorString": "#fdadd6",
        "nightColorString": "#530024"
      },
      {
        "dayColorString": "#f2ed84",
        "nightColorString": "#74440a"
      },
      {
        "dayColorString": "#ffc8c6",
        "nightColorString": "#500000"
      },
      {
        "dayColorString": "#fad3b0",
        "nightColorString": "#522b07"
      },
      {
        "dayColorString": "#fffac3",
        "nightColorString": "#4b4700"
      },
      {
        "dayColorString": "#d5ffa9",
        "nightColorString": "#316002"
      },
      {
        "dayColorString": "#aeffd1",
        "nightColorString": "#065945"
      },
      {
        "dayColorString": "#b8fffa",
        "nightColorString": "#0c5b63"
      },
      {
        "dayColorString": "#a6c1ff",
        "nightColorString": "#001454"
      },
      {
        "dayColorString": "#ebbdff",
        "nightColorString": "#45004c"
      },
      {
        "dayColorString": "#fdadd6",
        "nightColorString": "#530024"
      }
    ],
    "bookmarkCategoryTextStyle": {
      "dayAndNightColor": {
        "dayColorString": "#7a8080",
        "nightColorString": "#7a8ba5"
      },
      "fontName": "Droid Sans",
      "isBold": true,
      "isItalic": true,
      "isUnderlined": false,
      "textSize": 16.0
    },
    "bookmarkCommentLinkTextStyle": {
      "dayAndNightColor": {
        "dayColorString": "#107c58",
        "nightColorString": "#4c8f78"
      },
      "fontName": "Droid Sans",
      "isBold": false,
      "isItalic": true,
      "isUnderlined": false,
      "textSize": 16.0
    },
    "bookmarkCommentTextStyle": {
      "dayAndNightColor": {
        "dayColorString": "#7a8080",
        "nightColorString": "#7a8ba5"
      },
      "fontName": "Droid Sans",
      "isBold": false,
      "isItalic": true,
      "isUnderlined": false,
      "textSize": 16.0
    },
    "bookmarkInfoIndent": 12,
    "bookmarkMarkerWidth": 20,
    "chapterNumberSpacing": 12.0,
    "chapterTitleTextStyle": {
      "dayAndNightColor": {
        "dayColorString": "#050505",
        "nightColorString": "#0a0a0a"
      },
      "fontName": "Droid Serif",
      "isBold": true,
      "isItalic": false,
      "isUnderlined": true,
      "textSize": 20.0
    },
    "crossReferencesTextStyle": {
      "dayAndNightColor": {
        "dayColorString": "#850000",
        "nightColorString": "#96001e"
      },
      "fontName": "Droid Serif",
      "isBold": false,
      "isItalic": true,
      "isUnderlined": false,
      "textSize": 10.5
    },
    "emphasisTextStyle": {
      "dayAndNightColor": {
        "dayColorString": "#000000",
        "nightColorString": "#e7e7e7"
      },
      "fontName": "Droid Serif",
      "isBold": false,
      "isItalic": true,
      "isUnderlined": false,
      "textSize": 14.5
    },
    "emphasizedWordsOfJesusTextStyle": {
      "dayAndNightColor": {
        "dayColorString": "#c00000",
        "nightColorString": "#ff6000"
      },
      "fontName": "Droid Serif",
      "isBold": false,
      "isItalic": true,
      "isUnderlined": false,
      "textSize": 14.5
    },
    "footnoteMarkerTextStyle": {
      "dayAndNightColor": {
        "dayColorString": "#5c8213",
        "nightColorString": "#356f9d"
      },
      "fontName": "SourceSansPro-Regular",
      "isBold": true,
      "isItalic": false,
      "isUnderlined": false,
      "textSize": 11.5
    },
    "horizontalIndents": 24.0,
    "horizontalMargins": 13.0,
    "insertedWordTextStyle": {
      "dayAndNightColor": {
        "dayColorString": "#636363",
        "nightColorString": "#888888"
      },
      "fontName": "Droid Serif",
      "isBold": false,
      "isItalic": true,
      "isUnderlined": false,
      "textSize": 12.5
    },
    "insertedWordsOfJesusTextStyle": {
      "dayAndNightColor": {
        "dayColorString": "#626262",
        "nightColorString": "#ff9040"
      },
      "fontName": "Droid Serif",
      "isBold": false,
      "isItalic": true,
      "isUnderlined": false,
      "textSize": 12.5
    },
    "introductionTextStyle": {
      "dayAndNightColor": {
        "dayColorString": "#5e3e22",
        "nightColorString": "#a99041"
      },
      "fontName": "Droid Serif",
      "isBold": true,
      "isFixedUnderlined": true,
      "isItalic": true,
      "isUnderlined": true,
      "textSize": 14.5
    },
    "isBookmarkCommentBackgroundColored": true,
    "isShowingOldPaperBackground": true,
    "isShowingWornEdges": false,
    "isUsingSubheadingStyleFromModules": false,
    "linesSpacing": 1.05,
    "noteTextStyle": {
      "dayAndNightColor": {
        "dayColorString": "#646464",
        "nightColorString": "#7a8ba5"
      },
      "fontName": "Droid Serif",
      "isBold": false,
      "isItalic": true,
      "isUnderlined": false,
      "textSize": 11.0
    },
    "paragraphFirstLineIndent": 14.0,
    "paragraphSpacing": 20.0,
    "readingPlanColor": {
      "dayColorString": "#000000",
      "nightColorString": "#a01500"
    },
    "remarkMarkerTextStyle": {
      "dayAndNightColor": {
        "dayColorString": "#9d3300",
        "nightColorString": "#a02e0f"
      },
      "fontName": "Droid Serif",
      "isBold": true,
      "isItalic": false,
      "isUnderlined": false,
      "textSize": 11.5
    },
    "selectedTextBackgroundColor": {
      "dayColorString": "#ffebba",
      "nightColorString": "#606060"
    },
    "strongNumbersTextStyle": {
      "dayAndNightColor": {
        "dayColorString": "#009664",
        "nightColorString": "#47a733"
      },
      "fontName": "Droid Serif",
      "isBold": false,
      "isItalic": false,
      "isUnderlined": false,
      "textSize": 10.0
    },
    "subheadingHyperlinkTextStyle": {
      "dayAndNightColor": {
        "dayColorString": "#681616",
        "nightColorString": "#000000"
      },
      "fontName": "Droid Serif",
      "isBold": true,
      "isItalic": false,
      "isUnderlined": true,
      "textSize": 12.0
    },
    "subheadingSpacing": 11.0,
    "subheadingTextStyle": {
      "dayAndNightColor": {
        "dayColorString": "#000000",
        "nightColorString": "#90ffbf"
      },
      "fontName": "Droid Serif",
      "isBold": true,
      "isItalic": false,
      "isUnderlined": false,
      "textSize": 12.0
    },
    "subheadingWithHyperlinksTextStyle": {
      "dayAndNightColor": {
        "dayColorString": "#000000",
        "nightColorString": "#000000"
      },
      "fontName": "Droid Serif",
      "isBold": true,
      "isItalic": false,
      "isUnderlined": false,
      "textSize": 14.0
    },
    "takingBibleWindowColorsFromAnotherTheme": false,
    "takingBibleWindowFontsAndSpacingFromAnotherTheme": false,
    "underlineColors": [
      {
        "dayColorString": "#000000",
        "nightColorString": "#ffffff"
      },
      {
        "dayColorString": "#000000",
        "nightColorString": "#eb6a35"
      },
      {
        "dayColorString": "#568a1f",
        "nightColorString": "#7fec0c"
      },
      {
        "dayColorString": "#08737d",
        "nightColorString": "#16e1d2"
      },
      {
        "dayColorString": "#000000",
        "nightColorString": "#ffffff"
      },
      {
        "dayColorString": "#070707",
        "nightColorString": "#eb6a35"
      },
      {
        "dayColorString": "#568a1f",
        "nightColorString": "#7fec0c"
      },
      {
        "dayColorString": "#08737d",
        "nightColorString": "#16e1d2"
      }
    ],
    "underlineThickness": 3,
    "userDefinedCrossReferencesTextStyle": {
      "dayAndNightColor": {
        "dayColorString": "#000000",
        "nightColorString": "#7c6098"
      },
      "fontName": "Droid Serif",
      "isBold": false,
      "isItalic": false,
      "isUnderlined": false,
      "textSize": 12.0
    },
    "verseNumberTextStyle": {
      "dayAndNightColor": {
        "dayColorString": "#323232",
        "nightColorString": "#848484"
      },
      "fontName": "Droid Serif",
      "isBold": true,
      "isItalic": false,
      "isUnderlined": false,
      "textSize": 11.5
    },
    "verseSpacing": 5.0,
    "verseTextStyle": {
      "listFontName": "Droid Sans",
      "dayAndNightColor": {
        "dayColorString": "#000000",
        "nightColorString": "#909090"
      },
      "fontName": "Droid Serif",
      "isBold": false,
      "isItalic": false,
      "isUnderlined": false,
      "textSize": 12.5
    },
    "wordsOfJesusTextStyle": {
      "dayAndNightColor": {
        "dayColorString": "#064f1a",
        "nightColorString": "#206e0d"
      },
      "fontName": "Droid Serif",
      "isBold": true,
      "isItalic": false,
      "isUnderlined": false,
      "textSize": 12.0
    }
  }
}