{
  "ancillaryWindowsAppearance": {
    "commentariesBalloonSizePercentage": 80,
    "commentariesWindowSizePercentage": 90,
    "controlButtonsMaxTextSize": 25.0,
    "devotionsWindowSizePercentage": 120,
    "dictionaryWindowSizePercentage": 60,
    "dropdownListTextSize": 16.0,
    "fontName": "Cambria Math",
    "foundTextHighlightingColor": "#3daab9",
    "isBookSelectionColorHighlighted": true,
    "isDefaultDropdownListTextSize": true,
    "isLimitingControlButtonsTextSize": true,
    "listAncillaryTextColor": "#d0d0d0",
    "listFontName": "Bookerly-Regular",
    "listHyperlinkColor": "#75f3dc",
    "listTextSize": 17.0,
    "notesWindowSizePercentage": 110,
    "popupBackgroundColor": {
      "dayColorString": "#f8f6f1",
      "nightColorString": "#302010"
    },
    "textColor": {
      "dayColorString": "#000000",
      "nightColorString": "#979797"
    },
    "textHighlightColor1": {
      "dayColorString": "#ae0000",
      "nightColorString": "#a66749"
    },
    "textHighlightColor2": {
      "dayColorString": "#088900",
      "nightColorString": "#787a00"
    },
    "textHighlightColor3": {
      "dayColorString": "#2630ad",
      "nightColorString": "#009797"
    },
    "textHighlightColor4": {
      "dayColorString": "#d639ba",
      "nightColorString": "#c0c0ff"
    },
    "textHighlightColor5": {
      "dayColorString": "#545454",
      "nightColorString": "#686868"
    },
    "textSize": 18.5,
    "windowBackgroundColor": {
      "dayColorString": "#ffffff",
      "nightColorString": "#000000"
    }
  },
  "bibleTextAppearance": {
    "activatedHyperlinkBackgroundColor": {
      "dayColorString": "#ffff00",
      "nightColorString": "#004000"
    },
    "backgroundColor": {
      "dayColorString": "#ffffff",
      "nightColorString": "#000000"
    },
    "backgroundColorOpacity": 50,
    "bookTitleTextStyle": {
      "dayAndNightColor": {
        "dayColorString": "#000000",
        "nightColorString": "#ffffff"
      },
      "fontName": "Kerkis-Bold",
      "isBold": true,
      "isFixedUnderlined": false,
      "isItalic": false,
      "isUnderlined": false,
      "textSize": 28.0
    },
    "bookmarkCategoryColors": [
      {
        "dayColorString": "#f2ed84",
        "nightColorString": "#74440a"
      },
      {
        "dayColorString": "#ffc8c6",
        "nightColorString": "#500000"
      },
      {
        "dayColorString": "#fad3b0",
        "nightColorString": "#522b07"
      },
      {
        "dayColorString": "#fffac3",
        "nightColorString": "#4b4700"
      },
      {
        "dayColorString": "#d5ffa9",
        "nightColorString": "#316002"
      },
      {
        "dayColorString": "#aeffd1",
        "nightColorString": "#065945"
      },
      {
        "dayColorString": "#b8fffa",
        "nightColorString": "#0c5b63"
      },
      {
        "dayColorString": "#a6c1ff",
        "nightColorString": "#001454"
      },
      {
        "dayColorString": "#ebbdff",
        "nightColorString": "#45004c"
      },
      {
        "dayColorString": "#fdadd6",
        "nightColorString": "#530024"
      },
      {
        "dayColorString": "#f2ed84",
        "nightColorString": "#74440a"
      },
      {
        "dayColorString": "#ffc8c6",
        "nightColorString": "#500000"
      },
      {
        "dayColorString": "#fad3b0",
        "nightColorString": "#522b07"
      },
      {
        "dayColorString": "#e9e293",
        "nightColorString": "#4b4700"
      },
      {
        "dayColorString": "#d5ffa9",
        "nightColorString": "#316002"
      },
      {
        "dayColorString": "#aeffd1",
        "nightColorString": "#065945"
      },
      {
        "dayColorString": "#b8fffa",
        "nightColorString": "#0c5b63"
      },
      {
        "dayColorString": "#a6c1ff",
        "nightColorString": "#001454"
      },
      {
        "dayColorString": "#ebbdff",
        "nightColorString": "#45004c"
      },
      {
        "dayColorString": "#fdadd6",
        "nightColorString": "#530024"
      }
    ],
    "chapterNumberSpacing": 15.0,
    "chapterTitleTextStyle": {
      "dayAndNightColor": {
        "dayColorString": "#000000",
        "nightColorString": "#ffffff"
      },
      "fontName": "Kerkis-Bold",
      "isBold": true,
      "isItalic": false,
      "isUnderlined": false,
      "textSize": 25.5
    },
    "crossReferencesTextStyle": {
      "dayAndNightColor": {
        "dayColorString": "#ac1f4b",
        "nightColorString": "#ac7a20"
      },
      "fontName": "ARIALUNI",
      "isBold": false,
      "isItalic": false,
      "isUnderlined": false,
      "textSize": 11.0
    },
    "emphasisTextStyle": {
      "dayAndNightColor": {
        "dayColorString": "#741c1c",
        "nightColorString": "#e7e7e7"
      },
      "fontName": "Kerkis-SemiBold",
      "isBold": false,
      "isItalic": false,
      "isUnderlined": false,
      "textSize": 19.5
    },
    "emphasizedWordsOfJesusTextStyle": {
      "dayAndNightColor": {
        "dayColorString": "#ff0000",
        "nightColorString": "#b50000"
      },
      "fontName": "Kerkis-SemiBold",
      "isBold": false,
      "isItalic": false,
      "isUnderlined": false,
      "textSize": 19.5
    },
    "footnoteMarkerTextStyle": {
      "dayAndNightColor": {
        "dayColorString": "#b20000",
        "nightColorString": "#356f9d"
      },
      "fontName": "cmunbtl",
      "isBold": false,
      "isItalic": false,
      "isUnderlined": false,
      "textSize": 11.5
    },
    "horizontalIndents": 20.0,
    "horizontalMargins": 9.0,
    "insertedWordTextStyle": {
      "dayAndNightColor": {
        "dayColorString": "#686868",
        "nightColorString": "#888888"
      },
      "fontName": "Kerkis-Italic",
      "isBold": false,
      "isItalic": true,
      "isUnderlined": false,
      "textSize": 18.5
    },
    "insertedWordsOfJesusTextStyle": {
      "dayAndNightColor": {
        "dayColorString": "#ff7864",
        "nightColorString": "#ad0404"
      },
      "fontName": "Kerkis-Italic",
      "isBold": false,
      "isItalic": true,
      "isUnderlined": false,
      "textSize": 19.5
    },
    "introductionTextStyle": {
      "dayAndNightColor": {
        "dayColorString": "#78443c",
        "nightColorString": "#a99041"
      },
      "fontName": "Droid Sans",
      "isBold": true,
      "isFixedUnderlined": true,
      "isItalic": false,
      "isUnderlined": true,
      "textSize": 16.5
    },
    "isShowingOldPaperBackground": false,
    "isShowingWornEdges": true,
    "isUsingSubheadingStyleFromModules": false,
    "linesSpacing": 1.0999999,
    "noteTextStyle": {
      "dayAndNightColor": {
        "dayColorString": "#744646",
        "nightColorString": "#6a6a6a"
      },
      "fontName": "Bookerly-RegularItalic",
      "isBold": false,
      "isItalic": false,
      "isUnderlined": false,
      "textSize": 15.5
    },
    "paragraphFirstLineIndent": 20.0,
    "paragraphSpacing": 10.0,
    "readingPlanColor": {
      "dayColorString": "#ff2000",
      "nightColorString": "#a01500"
    },
    "remarkMarkerTextStyle": {
      "dayAndNightColor": {
        "dayColorString": "#cc4200",
        "nightColorString": "#c55a3d"
      },
      "fontName": "Droid Sans",
      "isBold": true,
      "isItalic": false,
      "isUnderlined": false,
      "textSize": 11.5
    },
    "selectedTextBackgroundColor": {
      "dayColorString": "#fbfba1",
      "nightColorString": "#606060"
    },
    "strongNumbersTextStyle": {
      "dayAndNightColor": {
        "dayColorString": "#ac7a20",
        "nightColorString": "#417436"
      },
      "fontName": "ARIALN",
      "isBold": false,
      "isItalic": false,
      "isUnderlined": false,
      "textSize": 10.5
    },
    "subheadingHyperlinkTextStyle": {
      "dayAndNightColor": {
        "dayColorString": "#1828ab",
        "nightColorString": "#ffffff"
      },
      "fontName": "DejaVuSerif",
      "isBold": true,
      "isItalic": false,
      "isUnderlined": true,
      "textSize": 13.5
    },
    "subheadingSpacing": 5.0,
    "subheadingTextStyle": {
      "dayAndNightColor": {
        "dayColorString": "#000000",
        "nightColorString": "#ffffff"
      },
      "fontName": "Bookerly-Bold",
      "isBold": true,
      "isItalic": false,
      "isUnderlined": false,
      "textSize": 21.0
    },
    "subheadingWithHyperlinksTextStyle": {
      "dayAndNightColor": {
        "dayColorString": "#000000",
        "nightColorString": "#ffffff"
      },
      "fontName": "DejaVuSerif",
      "isBold": true,
      "isItalic": false,
      "isUnderlined": false,
      "textSize": 13.5
    },
    "underlineColors": [
      {
        "dayColorString": "#000000",
        "nightColorString": "#ffffff"
      },
      {
        "dayColorString": "#c00000",
        "nightColorString": "#eb6a35"
      },
      {
        "dayColorString": "#568a1f",
        "nightColorString": "#7fec0c"
      },
      {
        "dayColorString": "#08737d",
        "nightColorString": "#16e1d2"
      },
      {
        "dayColorString": "#000000",
        "nightColorString": "#ffffff"
      },
      {
        "dayColorString": "#c00000",
        "nightColorString": "#eb6a35"
      },
      {
        "dayColorString": "#568a1f",
        "nightColorString": "#7fec0c"
      },
      {
        "dayColorString": "#08737d",
        "nightColorString": "#16e1d2"
      }
    ],
    "underlineThickness": 2,
    "userDefinedCrossReferencesTextStyle": {
      "dayAndNightColor": {
        "dayColorString": "#7c6098",
        "nightColorString": "#3d0580"
      },
      "fontName": "Droid Sans",
      "isBold": false,
      "isItalic": false,
      "isUnderlined": false,
      "textSize": 11.0
    },
    "verseNumberTextStyle": {
      "dayAndNightColor": {
        "dayColorString": "#845219",
        "nightColorString": "#ac7a20"
      },
      "fontName": "Kerkis-SemiBold",
      "isBold": false,
      "isItalic": false,
      "isUnderlined": false,
      "textSize": 10.5
    },
    "verseSpacing": 0.0,
    "verseTextStyle": {
      "dayAndNightColor": {
        "dayColorString": "#000000",
        "nightColorString": "#979797"
      },
      "fontName": "Kerkis-SemiBold",
      "isBold": false,
      "isItalic": false,
      "isUnderlined": false,
      "textSize": 19.5
    },
    "wordsOfJesusTextStyle": {
      "dayAndNightColor": {
        "dayColorString": "#ad0404",
        "nightColorString": "#b64343"
      },
      "fontName": "Kerkis-SemiBold",
      "isBold": false,
      "isItalic": false,
      "isUnderlined": false,
      "textSize": 19.5
    }
  }
}