{
  "ancillaryWindowsAppearance": {
    "windowBackgroundColor": {
      "nightColorString": "#111111",
      "dayColorString": "#ffffff"
    },
    "textHighlightColor5": {
      "nightColorString": "#686868",
      "dayColorString": "#707070"
    },
    "textHighlightColor4": {
      "nightColorString": "#c0c0ff",
      "dayColorString": "#d63ad6"
    },
    "textHighlightColor3": {
      "nightColorString": "#009797",
      "dayColorString": "#3826ad"
    },
    "textHighlightColor2": {
      "nightColorString": "#787a00",
      "dayColorString": "#009823"
    },
    "textHighlightColor1": {
      "nightColorString": "#a66749",
      "dayColorString": "#ae0000"
    },
    "fontName": "SBL_BLit",
    "foundTextHighlightingColor": "#3daab9",
    "textColor": {
      "nightColorString": "#e7e7e7",
      "dayColorString": "#000000"
    },
    "popupBackgroundColor": {
      "nightColorString": "#302010",
      "dayColorString": "#f8f6ee"
    },
    "listHyperlinkColor": "#75f3a5",
    "listAncillaryTextColor": "#a0a0a0",
    "listFontName": "SBL_BLit",
    "isLimitingControlButtonsTextSize": true,
    "listTextSize": 19.0,
    "notesWindowSizePercentage": 80,
    "isDefaultDropdownListTextSize": true,
    "isBookSelectionColorHighlighted": true,
    "dropdownListTextSize": 18.0,
    "dictionaryWindowSizePercentage": 70,
    "devotionsWindowSizePercentage": 120,
    "controlButtonsMaxTextSize": 25.0,
    "commentariesWindowSizePercentage": 200,
    "textSize": 19.0,
    "commentariesBalloonSizePercentage": 80
  },
  "bibleTextAppearance": {
    "activatedHyperlinkBackgroundColor": {
      "nightColorString": "#004000",
      "dayColorString": "#ffff00"
    },
    "backgroundColor": {
      "nightColorString": "#111111",
      "dayColorString": "#ffffff"
    },
    "wordsOfJesusTextStyle": {
      "dayAndNightColor": {
        "nightColorString": "#c96c59",
        "dayColorString": "#910000"
      },
      "fontName": "MyPaleoHebrew",
      "isItalic": false,
      "isUnderlined": false,
      "isBold": false,
      "textSize": 23.0
    },
    "verseTextStyle": {
      "dayAndNightColor": {
        "nightColorString": "#a7a7a7",
        "dayColorString": "#000000"
      },
      "fontName": "MyPaleoHebrew",
      "isItalic": false,
      "isUnderlined": false,
      "isBold": false,
      "textSize": 23.0
    },
    "verseNumberTextStyle": {
      "dayAndNightColor": {
        "nightColorString": "#848484",
        "dayColorString": "#8b903e"
      },
      "fontName": "MyPaleoHebrew",
      "isItalic": false,
      "isUnderlined": false,
      "isBold": false,
      "textSize": 19.0
    },
    "bookTitleTextStyle": {
      "dayAndNightColor": {
        "nightColorString": "#ffc000",
        "dayColorString": "#9c3323"
      },
      "fontName": "MyPaleoHebrew",
      "isFixedUnderlined": false,
      "isItalic": false,
      "isUnderlined": false,
      "isBold": true,
      "textSize": 31.0
    },
    "bookmarkCategoryColors": [
      {
        "nightColorString": "#74440a",
        "dayColorString": "#f2ed84"
      },
      {
        "nightColorString": "#500000",
        "dayColorString": "#ffc8c6"
      },
      {
        "nightColorString": "#522b07",
        "dayColorString": "#fad3b0"
      },
      {
        "nightColorString": "#4b4700",
        "dayColorString": "#fffac3"
      },
      {
        "nightColorString": "#316002",
        "dayColorString": "#d5ffa9"
      },
      {
        "nightColorString": "#065945",
        "dayColorString": "#aeffd1"
      },
      {
        "nightColorString": "#0c5b63",
        "dayColorString": "#b8fffa"
      },
      {
        "nightColorString": "#001454",
        "dayColorString": "#a6c1ff"
      },
      {
        "nightColorString": "#45004c",
        "dayColorString": "#ebbdff"
      },
      {
        "nightColorString": "#530024",
        "dayColorString": "#fdadd6"
      },
      {
        "nightColorString": "#74440a",
        "dayColorString": "#f2ed84"
      },
      {
        "nightColorString": "#500000",
        "dayColorString": "#ffc8c6"
      },
      {
        "nightColorString": "#522b07",
        "dayColorString": "#fad3b0"
      },
      {
        "nightColorString": "#4b4700",
        "dayColorString": "#fffac3"
      },
      {
        "nightColorString": "#316002",
        "dayColorString": "#d5ffa9"
      },
      {
        "nightColorString": "#065945",
        "dayColorString": "#aeffd1"
      },
      {
        "nightColorString": "#0c5b63",
        "dayColorString": "#b8fffa"
      },
      {
        "nightColorString": "#001454",
        "dayColorString": "#a6c1ff"
      },
      {
        "nightColorString": "#45004c",
        "dayColorString": "#ebbdff"
      },
      {
        "nightColorString": "#530024",
        "dayColorString": "#fdadd6"
      }
    ],
    "userDefinedCrossReferencesTextStyle": {
      "dayAndNightColor": {
        "nightColorString": "#3d0580",
        "dayColorString": "#7c6098"
      },
      "fontName": "SBL_BLit",
      "isItalic": false,
      "isUnderlined": false,
      "isBold": false,
      "textSize": 10.5
    },
    "underlineColors": [
      {
        "nightColorString": "#ffffff",
        "dayColorString": "#000000"
      },
      {
        "nightColorString": "#eb6a35",
        "dayColorString": "#c00000"
      },
      {
        "nightColorString": "#7fec0c",
        "dayColorString": "#568a1f"
      },
      {
        "nightColorString": "#16e1d2",
        "dayColorString": "#08737d"
      },
      {
        "nightColorString": "#ffffff",
        "dayColorString": "#000000"
      },
      {
        "nightColorString": "#eb6a35",
        "dayColorString": "#c00000"
      },
      {
        "nightColorString": "#7fec0c",
        "dayColorString": "#568a1f"
      },
      {
        "nightColorString": "#16e1d2",
        "dayColorString": "#08737d"
      }
    ],
    "chapterTitleTextStyle": {
      "dayAndNightColor": {
        "nightColorString": "#00b0b0",
        "dayColorString": "#700000"
      },
      "fontName": "MyPaleoHebrew",
      "isItalic": false,
      "isUnderlined": false,
      "isBold": true,
      "textSize": 28.0
    },
    "crossReferencesTextStyle": {
      "dayAndNightColor": {
        "nightColorString": "#009664",
        "dayColorString": "#00762e"
      },
      "fontName": "Droid Sans",
      "isItalic": false,
      "isUnderlined": false,
      "isBold": false,
      "textSize": 11.0
    },
    "emphasisTextStyle": {
      "dayAndNightColor": {
        "nightColorString": "#e7e7e7",
        "dayColorString": "#571818"
      },
      "fontName": "MyPaleoHebrew",
      "isItalic": false,
      "isUnderlined": false,
      "isBold": true,
      "textSize": 23.0
    },
    "emphasizedWordsOfJesusTextStyle": {
      "dayAndNightColor": {
        "nightColorString": "#ff6000",
        "dayColorString": "#c00000"
      },
      "fontName": "MyPaleoHebrew",
      "isItalic": false,
      "isUnderlined": false,
      "isBold": true,
      "textSize": 23.0
    },
    "footnoteMarkerTextStyle": {
      "dayAndNightColor": {
        "nightColorString": "#356f9d",
        "dayColorString": "#b57d00"
      },
      "fontName": "Droid Sans Monospace",
      "isItalic": false,
      "isUnderlined": false,
      "isBold": false,
      "textSize": 13.0
    },
    "subheadingWithHyperlinksTextStyle": {
      "dayAndNightColor": {
        "nightColorString": "#90ffbf",
        "dayColorString": "#800000"
      },
      "fontName": "SBL_BLit",
      "isItalic": false,
      "isUnderlined": false,
      "isBold": false,
      "textSize": 20.0
    },
    "subheadingTextStyle": {
      "dayAndNightColor": {
        "nightColorString": "#ba853a",
        "dayColorString": "#800000"
      },
      "fontName": "SBL_BLit",
      "isItalic": false,
      "isUnderlined": false,
      "isBold": true,
      "textSize": 25.0
    },
    "subheadingHyperlinkTextStyle": {
      "dayAndNightColor": {
        "nightColorString": "#90ffbf",
        "dayColorString": "#8d5151"
      },
      "fontName": "SBL_BLit",
      "isItalic": false,
      "isUnderlined": true,
      "isBold": false,
      "textSize": 20.0
    },
    "strongNumbersTextStyle": {
      "dayAndNightColor": {
        "nightColorString": "#47a733",
        "dayColorString": "#007951"
      },
      "fontName": "SBL_BLit",
      "isItalic": false,
      "isUnderlined": false,
      "isBold": false,
      "textSize": 14.0
    },
    "insertedWordTextStyle": {
      "dayAndNightColor": {
        "nightColorString": "#888888",
        "dayColorString": "#646464"
      },
      "fontName": "MyPaleoHebrew",
      "isItalic": true,
      "isUnderlined": false,
      "isBold": false,
      "textSize": 23.0
    },
    "insertedWordsOfJesusTextStyle": {
      "dayAndNightColor": {
        "nightColorString": "#ff9040",
        "dayColorString": "#ff5000"
      },
      "fontName": "MyPaleoHebrew",
      "isItalic": true,
      "isUnderlined": false,
      "isBold": false,
      "textSize": 23.0
    },
    "introductionTextStyle": {
      "dayAndNightColor": {
        "nightColorString": "#a99041",
        "dayColorString": "#78443c"
      },
      "fontName": "MyPaleoHebrew",
      "isFixedUnderlined": true,
      "isItalic": false,
      "isUnderlined": true,
      "isBold": true,
      "textSize": 23.0
    },
    "selectedTextBackgroundColor": {
      "nightColorString": "#606060",
      "dayColorString": "#ffffcc"
    },
    "remarkMarkerTextStyle": {
      "dayAndNightColor": {
        "nightColorString": "#c55a3d",
        "dayColorString": "#cc4200"
      },
      "fontName": "Droid Sans",
      "isItalic": false,
      "isUnderlined": false,
      "isBold": true,
      "textSize": 14.5
    },
    "readingPlanColor": {
      "nightColorString": "#a01500",
      "dayColorString": "#ff2000"
    },
    "noteTextStyle": {
      "dayAndNightColor": {
        "nightColorString": "#7a8ba5",
        "dayColorString": "#85310d"
      },
      "fontName": "SBL_BLit",
      "isItalic": true,
      "isUnderlined": false,
      "isBold": false,
      "textSize": 19.0
    },
    "linesSpacing": 1.0,
    "paragraphFirstLineIndent": 15.0,
    "paragraphSpacing": 10.0,
    "isUsingSubheadingStyleFromModules": false,
    "isShowingWornEdges": false,
    "isShowingOldPaperBackground": false,
    "horizontalMargins": 10.5,
    "subheadingSpacing": 8.0,
    "horizontalIndents": 18.0,
    "underlineThickness": 2,
    "chapterNumberSpacing": 15.0,
    "verseSpacing": 0.0,
    "bookTitleSpacing": 10.0,
    "backgroundColorOpacity": 50
  }
}