{
  "ancillaryWindowsAppearance": {
    "commentariesBalloonSizePercentage": 80,
    "commentariesWindowSizePercentage": 500,
    "controlButtonsMaxTextSize": 25.0,
    "devotionsWindowSizePercentage": 120,
    "dictionaryWindowSizePercentage": 70,
    "dropdownListTextSize": 16.0,
    "fontName": "MyHeb",
    "foundTextHighlightingColor": "#3daab9",
    "isBookSelectionColorHighlighted": true,
    "isDefaultDropdownListTextSize": true,
    "isLimitingControlButtonsTextSize": true,
    "listAncillaryTextColor": "#a0a0a0",
    "listFontName": "SBL_BLit",
    "listHyperlinkColor": "#75f3a5",
    "listTextSize": 19.0,
    "notesWindowSizePercentage": 120,
    "popupBackgroundColor": {
      "dayColorString": "#fdf0d0",
      "nightColorString": "#302010"
    },
    "textColor": {
      "dayColorString": "#141f2f",
      "nightColorString": "#ffc2b0"
    },
    "textHighlightColor1": {
      "dayColorString": "#c00000",
      "nightColorString": "#c00000"
    },
    "textHighlightColor2": {
      "dayColorString": "#008000",
      "nightColorString": "#00b000"
    },
    "textHighlightColor3": {
      "dayColorString": "#0059c8",
      "nightColorString": "#0080ff"
    },
    "textHighlightColor4": {
      "dayColorString": "#c000c0",
      "nightColorString": "#b000b0"
    },
    "textHighlightColor5": {
      "dayColorString": "#707070",
      "nightColorString": "#686868"
    },
    "textSize": 18.0,
    "windowBackgroundColor": {
      "dayColorString": "#ffffff",
      "nightColorString": "#16181c"
    }
  },
  "bibleTextAppearance": {
    "activatedHyperlinkBackgroundColor": {
      "dayColorString": "#f2ede4",
      "nightColorString": "#16181c"
    },
    "backgroundColor": {
      "dayColorString": "#ffffff",
      "nightColorString": "#16181c"
    },
    "backgroundColorOpacity": 50,
    "bookTitleSpacing": 10.0,
    "bookTitleTextStyle": {
      "dayAndNightColor": {
        "dayColorString": "#141f2f",
        "nightColorString": "#ffc2b0"
      },
      "fontName": "SBL_BLit",
      "isBold": true,
      "isFixedUnderlined": false,
      "isItalic": false,
      "isUnderlined": false,
      "textSize": 36.5
    },
    "bookmarkCategoryColors": [
      {
        "dayColorString": "#f2ed84",
        "nightColorString": "#74440a"
      },
      {
        "dayColorString": "#ffc8c6",
        "nightColorString": "#500000"
      },
      {
        "dayColorString": "#fad3b0",
        "nightColorString": "#522b07"
      },
      {
        "dayColorString": "#fffac3",
        "nightColorString": "#4b4700"
      },
      {
        "dayColorString": "#d5ffa9",
        "nightColorString": "#316002"
      },
      {
        "dayColorString": "#aeffd1",
        "nightColorString": "#065945"
      },
      {
        "dayColorString": "#b8fffa",
        "nightColorString": "#0c5b63"
      },
      {
        "dayColorString": "#a6c1ff",
        "nightColorString": "#001454"
      },
      {
        "dayColorString": "#ebbdff",
        "nightColorString": "#45004c"
      },
      {
        "dayColorString": "#fdadd6",
        "nightColorString": "#530024"
      },
      {
        "dayColorString": "#f2ed84",
        "nightColorString": "#74440a"
      },
      {
        "dayColorString": "#ffc8c6",
        "nightColorString": "#500000"
      },
      {
        "dayColorString": "#fad3b0",
        "nightColorString": "#522b07"
      },
      {
        "dayColorString": "#e9e293",
        "nightColorString": "#4b4700"
      },
      {
        "dayColorString": "#d5ffa9",
        "nightColorString": "#316002"
      },
      {
        "dayColorString": "#aeffd1",
        "nightColorString": "#065945"
      },
      {
        "dayColorString": "#b8fffa",
        "nightColorString": "#0c5b63"
      },
      {
        "dayColorString": "#a6c1ff",
        "nightColorString": "#001454"
      },
      {
        "dayColorString": "#ebbdff",
        "nightColorString": "#45004c"
      },
      {
        "dayColorString": "#fdadd6",
        "nightColorString": "#530024"
      }
    ],
    "chapterNumberSpacing": 15.0,
    "chapterTitleTextStyle": {
      "dayAndNightColor": {
        "dayColorString": "#141f2f",
        "nightColorString": "#ffc2b0"
      },
      "fontName": "SBL_BLit",
      "isBold": true,
      "isItalic": false,
      "isUnderlined": false,
      "textSize": 28.5
    },
    "crossReferencesTextStyle": {
      "dayAndNightColor": {
        "dayColorString": "#259847",
        "nightColorString": "#a28585"
      },
      "fontName": "Droid Sans",
      "isBold": false,
      "isItalic": false,
      "isUnderlined": false,
      "textSize": 13.0
    },
    "emphasisTextStyle": {
      "dayAndNightColor": {
        "dayColorString": "#4c0202",
        "nightColorString": "#e7e7e7"
      },
      "fontName": "TaameyDavidCLM-Bold",
      "isBold": true,
      "isItalic": false,
      "isUnderlined": false,
      "textSize": 24.0
    },
    "emphasizedWordsOfJesusTextStyle": {
      "dayAndNightColor": {
        "dayColorString": "#ff0000",
        "nightColorString": "#b50000"
      },
      "fontName": "TaameyFrankCLM-Bold",
      "isBold": false,
      "isItalic": true,
      "isUnderlined": false,
      "textSize": 24.0
    },
    "footnoteMarkerTextStyle": {
      "dayAndNightColor": {
        "dayColorString": "#b54a00",
        "nightColorString": "#356f9d"
      },
      "fontName": "cmunbtl",
      "isBold": false,
      "isItalic": false,
      "isUnderlined": false,
      "textSize": 11.0
    },
    "horizontalIndents": 25.0,
    "horizontalMargins": 9.0,
    "insertedWordTextStyle": {
      "dayAndNightColor": {
        "dayColorString": "#656565",
        "nightColorString": "#888888"
      },
      "fontName": "TaameyDavidCLM-Medium",
      "isBold": false,
      "isItalic": false,
      "isUnderlined": false,
      "textSize": 24.0
    },
    "insertedWordsOfJesusTextStyle": {
      "dayAndNightColor": {
        "dayColorString": "#ff7864",
        "nightColorString": "#ad0404"
      },
      "fontName": "TaameyDavidCLM-Medium",
      "isBold": false,
      "isItalic": false,
      "isUnderlined": false,
      "textSize": 24.0
    },
    "introductionTextStyle": {
      "dayAndNightColor": {
        "dayColorString": "#78443c",
        "nightColorString": "#a99041"
      },
      "fontName": "Droid Sans",
      "isBold": true,
      "isFixedUnderlined": true,
      "isItalic": false,
      "isUnderlined": true,
      "textSize": 19.0
    },
    "isShowingOldPaperBackground": false,
    "isShowingWornEdges": true,
    "isUsingSubheadingStyleFromModules": false,
    "linesSpacing": 1.0,
    "noteTextStyle": {
      "dayAndNightColor": {
        "dayColorString": "#7a8080",
        "nightColorString": "#975f53"
      },
      "fontName": "cmuntx",
      "isBold": false,
      "isItalic": true,
      "isUnderlined": false,
      "textSize": 15.0
    },
    "paragraphFirstLineIndent": 19.0,
    "paragraphSpacing": 10.0,
    "readingPlanColor": {
      "dayColorString": "#ff2000",
      "nightColorString": "#a01500"
    },
    "remarkMarkerTextStyle": {
      "dayAndNightColor": {
        "dayColorString": "#cc4200",
        "nightColorString": "#c55a3d"
      },
      "fontName": "Droid Sans",
      "isBold": true,
      "isItalic": false,
      "isUnderlined": false,
      "textSize": 12.0
    },
    "selectedTextBackgroundColor": {
      "dayColorString": "#f8ea8b",
      "nightColorString": "#4d392b"
    },
    "strongNumbersTextStyle": {
      "dayAndNightColor": {
        "dayColorString": "#86807b",
        "nightColorString": "#a28585"
      },
      "fontName": "Calibri Light",
      "isBold": false,
      "isItalic": false,
      "isUnderlined": false,
      "textSize": 10.5
    },
    "subheadingHyperlinkTextStyle": {
      "dayAndNightColor": {
        "dayColorString": "#141f2f",
        "nightColorString": "#ffc2b0"
      },
      "fontName": "Ubuntu-M",
      "isBold": true,
      "isItalic": false,
      "isUnderlined": true,
      "textSize": 25.0
    },
    "subheadingSpacing": 10.0,
    "subheadingTextStyle": {
      "dayAndNightColor": {
        "dayColorString": "#14212f",
        "nightColorString": "#ffc2b0"
      },
      "fontName": "Ubuntu-M",
      "isBold": true,
      "isItalic": false,
      "isUnderlined": false,
      "textSize": 23.0
    },
    "subheadingWithHyperlinksTextStyle": {
      "dayAndNightColor": {
        "dayColorString": "#141f2f",
        "nightColorString": "#ffc2b0"
      },
      "fontName": "Ubuntu-M",
      "isBold": true,
      "isItalic": false,
      "isUnderlined": false,
      "textSize": 25.0
    },
    "underlineColors": [
      {
        "dayColorString": "#000000",
        "nightColorString": "#ffffff"
      },
      {
        "dayColorString": "#c00000",
        "nightColorString": "#eb6a35"
      },
      {
        "dayColorString": "#568a1f",
        "nightColorString": "#7fec0c"
      },
      {
        "dayColorString": "#08737d",
        "nightColorString": "#16e1d2"
      },
      {
        "dayColorString": "#000000",
        "nightColorString": "#ffffff"
      },
      {
        "dayColorString": "#c00000",
        "nightColorString": "#eb6a35"
      },
      {
        "dayColorString": "#568a1f",
        "nightColorString": "#7fec0c"
      },
      {
        "dayColorString": "#08737d",
        "nightColorString": "#16e1d2"
      }
    ],
    "underlineThickness": 2,
    "userDefinedCrossReferencesTextStyle": {
      "dayAndNightColor": {
        "dayColorString": "#7c6098",
        "nightColorString": "#3d0580"
      },
      "fontName": "Droid Sans",
      "isBold": false,
      "isItalic": false,
      "isUnderlined": false,
      "textSize": 12.5
    },
    "verseNumberTextStyle": {
      "dayAndNightColor": {
        "dayColorString": "#893e00",
        "nightColorString": "#a28585"
      },
      "fontName": "TaameyDavidCLM-Medium",
      "isBold": false,
      "isItalic": false,
      "isUnderlined": false,
      "textSize": 19.0
    },
    "verseSpacing": 0.0,
    "verseTextStyle": {
      "dayAndNightColor": {
        "dayColorString": "#141f2f",
        "nightColorString": "#ffc2b0"
      },
      "fontName": "TaameyDavidCLM-Medium",
      "isBold": false,
      "isItalic": false,
      "isUnderlined": false,
      "textSize": 24.0
    },
    "wordsOfJesusTextStyle": {
      "dayAndNightColor": {
        "dayColorString": "#980000",
        "nightColorString": "#ff6000"
      },
      "fontName": "TaameyDavidCLM-Medium",
      "isBold": false,
      "isItalic": false,
      "isUnderlined": false,
      "textSize": 24.0
    }
  }
}