{
  "ancillaryWindowsAppearance": {
    "commentariesBalloonSizePercentage": 80,
    "commentariesWindowSizePercentage": 100,
    "controlButtonsMaxTextSize": 25.0,
    "devotionsWindowSizePercentage": 120,
    "dictionaryWindowSizePercentage": 100,
    "dropdownListTextSize": 15.5,
    "fontName": "arial",
    "foundTextHighlightingColor": "#ade7ff",
    "isBookSelectionColorHighlighted": true,
    "isDefaultDropdownListTextSize": true,
    "isLimitingControlButtonsTextSize": true,
    "listAncillaryTextColor": "#d0d0d0",
    "listFontName": "Droid Sans",
    "listHyperlinkColor": "#75f3a5",
    "listTextSize": 19.0,
    "notesWindowSizePercentage": 110,
    "popupBackgroundColor": {
      "dayColorString": "#f5efd3",
      "nightColorString": "#302010"
    },
    "textColor": {
      "dayColorString": "#000000",
      "nightColorString": "#b4b4b4"
    },
    "textHighlightColor1": {
      "dayColorString": "#ae5400",
      "nightColorString": "#a66749"
    },
    "textHighlightColor2": {
      "dayColorString": "#5f9800",
      "nightColorString": "#787a00"
    },
    "textHighlightColor3": {
      "dayColorString": "#26adad",
      "nightColorString": "#009797"
    },
    "textHighlightColor4": {
      "dayColorString": "#d63ad6",
      "nightColorString": "#c0c0ff"
    },
    "textHighlightColor5": {
      "dayColorString": "#707070",
      "nightColorString": "#686868"
    },
    "textSize": 16.5,
    "windowBackgroundColor": {
      "dayColorString": "#ffffff",
      "nightColorString": "#000000"
    }
  },
  "bibleTextAppearance": {
    "activatedHyperlinkBackgroundColor": {
      "dayColorString": "#ffff00",
      "nightColorString": "#078e07"
    },
    "backgroundColor": {
      "dayColorString": "#ffffff",
      "nightColorString": "#000000"
    },
    "backgroundColorOpacity": 50,
    "bookTitleSpacing": 10.0,
    "bookTitleTextStyle": {
      "dayAndNightColor": {
        "dayColorString": "#a00000",
        "nightColorString": "#ffffff"
      },
      "fontName": "PonomarUnicode",
      "isBold": true,
      "isFixedUnderlined": false,
      "isItalic": false,
      "isUnderlined": false,
      "textSize": 30.0
    },
    "bookmarkCategoryColors": [
      {
        "dayColorString": "#f2ed84",
        "nightColorString": "#74440a"
      },
      {
        "dayColorString": "#ffc8c6",
        "nightColorString": "#500000"
      },
      {
        "dayColorString": "#fad3b0",
        "nightColorString": "#522b07"
      },
      {
        "dayColorString": "#fffac3",
        "nightColorString": "#4b4700"
      },
      {
        "dayColorString": "#d5ffa9",
        "nightColorString": "#316002"
      },
      {
        "dayColorString": "#aeffd1",
        "nightColorString": "#065945"
      },
      {
        "dayColorString": "#b8fffa",
        "nightColorString": "#0c5b63"
      },
      {
        "dayColorString": "#a6c1ff",
        "nightColorString": "#001454"
      },
      {
        "dayColorString": "#ebbdff",
        "nightColorString": "#45004c"
      },
      {
        "dayColorString": "#fdadd6",
        "nightColorString": "#530024"
      },
      {
        "dayColorString": "#c8c8c8",
        "nightColorString": "#323232"
      },
      {
        "dayColorString": "#dcdcdc",
        "nightColorString": "#1e1e1e"
      },
      {
        "dayColorString": "#b4b4b4",
        "nightColorString": "#464646"
      },
      {
        "dayColorString": "#fffac3",
        "nightColorString": "#4b4700"
      },
      {
        "dayColorString": "#d5ffa9",
        "nightColorString": "#316002"
      },
      {
        "dayColorString": "#aeffd1",
        "nightColorString": "#065945"
      },
      {
        "dayColorString": "#b8fffa",
        "nightColorString": "#0c5b63"
      },
      {
        "dayColorString": "#a6c1ff",
        "nightColorString": "#001454"
      },
      {
        "dayColorString": "#ebbdff",
        "nightColorString": "#45004c"
      },
      {
        "dayColorString": "#fdadd6",
        "nightColorString": "#530024"
      }
    ],
    "chapterNumberSpacing": 15.0,
    "chapterTitleTextStyle": {
      "dayAndNightColor": {
        "dayColorString": "#a00000",
        "nightColorString": "#ffffff"
      },
      "fontName": "PonomarUnicode",
      "isBold": true,
      "isItalic": false,
      "isUnderlined": false,
      "textSize": 27.0
    },
    "crossReferencesTextStyle": {
      "dayAndNightColor": {
        "dayColorString": "#56ae51",
        "nightColorString": "#ffffff"
      },
      "fontName": "Droid Sans Monospace",
      "isBold": true,
      "isItalic": false,
      "isUnderlined": false,
      "textSize": 15.0
    },
    "emphasisTextStyle": {
      "dayAndNightColor": {
        "dayColorString": "#a00000",
        "nightColorString": "#e7e7e7"
      },
      "fontName": "TriSoIEUcs",
      "isBold": true,
      "isItalic": false,
      "isUnderlined": false,
      "textSize": 23.0
    },
    "emphasizedWordsOfJesusTextStyle": {
      "dayAndNightColor": {
        "dayColorString": "#000000",
        "nightColorString": "#ffffff"
      },
      "fontName": "HirmSoUcs8",
      "isBold": true,
      "isItalic": true,
      "isUnderlined": false,
      "textSize": 23.0
    },
    "footnoteMarkerTextStyle": {
      "dayAndNightColor": {
        "dayColorString": "#0064b5",
        "nightColorString": "#356f9d"
      },
      "fontName": "Droid Sans Monospace",
      "isBold": false,
      "isItalic": false,
      "isUnderlined": false,
      "textSize": 13.0
    },
    "horizontalIndents": 19.0,
    "horizontalMargins": 8.0,
    "insertedWordTextStyle": {
      "dayAndNightColor": {
        "dayColorString": "#a00000",
        "nightColorString": "#ffffff"
      },
      "fontName": "TriUcs",
      "isBold": false,
      "isItalic": false,
      "isUnderlined": false,
      "textSize": 23.0
    },
    "insertedWordsOfJesusTextStyle": {
      "dayAndNightColor": {
        "dayColorString": "#c66535",
        "nightColorString": "#ffffff"
      },
      "fontName": "TriUcs",
      "isBold": false,
      "isItalic": false,
      "isUnderlined": false,
      "textSize": 23.0
    },
    "introductionTextStyle": {
      "dayAndNightColor": {
        "dayColorString": "#562626",
        "nightColorString": "#a99041"
      },
      "fontName": "PonomarUnicode",
      "isBold": true,
      "isFixedUnderlined": true,
      "isItalic": false,
      "isUnderlined": true,
      "textSize": 22.0
    },
    "isShowingOldPaperBackground": false,
    "isShowingWornEdges": true,
    "isUsingSubheadingStyleFromModules": false,
    "linesSpacing": 1.0,
    "noteTextStyle": {
      "dayAndNightColor": {
        "dayColorString": "#0000a0",
        "nightColorString": "#ffffff"
      },
      "fontName": "HirmUcs8",
      "isBold": false,
      "isItalic": false,
      "isUnderlined": false,
      "textSize": 23.0
    },
    "paragraphFirstLineIndent": 19.0,
    "paragraphSpacing": 9.0,
    "readingPlanColor": {
      "dayColorString": "#ff2000",
      "nightColorString": "#a01500"
    },
    "remarkMarkerTextStyle": {
      "dayAndNightColor": {
        "dayColorString": "#cc4200",
        "nightColorString": "#c55a3d"
      },
      "fontName": "Droid Sans",
      "isBold": true,
      "isItalic": false,
      "isUnderlined": false,
      "textSize": 13.5
    },
    "selectedTextBackgroundColor": {
      "dayColorString": "#ffffb5",
      "nightColorString": "#777777"
    },
    "strongNumbersTextStyle": {
      "dayAndNightColor": {
        "dayColorString": "#a0a0a0",
        "nightColorString": "#ffffff"
      },
      "fontName": "Droid Sans",
      "isBold": false,
      "isItalic": false,
      "isUnderlined": false,
      "textSize": 13.5
    },
    "subheadingHyperlinkTextStyle": {
      "dayAndNightColor": {
        "dayColorString": "#753838",
        "nightColorString": "#ffffff"
      },
      "fontName": "PonomarUnicode",
      "isBold": true,
      "isItalic": false,
      "isUnderlined": false,
      "textSize": 17.0
    },
    "subheadingSpacing": 10.0,
    "subheadingTextStyle": {
      "dayAndNightColor": {
        "dayColorString": "#753838",
        "nightColorString": "#ffffff"
      },
      "fontName": "Flavius2008",
      "isBold": true,
      "isItalic": false,
      "isUnderlined": false,
      "textSize": 23.5
    },
    "subheadingWithHyperlinksTextStyle": {
      "dayAndNightColor": {
        "dayColorString": "#753838",
        "nightColorString": "#ffffff"
      },
      "fontName": "PonomarUnicode",
      "isBold": true,
      "isItalic": true,
      "isUnderlined": false,
      "textSize": 17.0
    },
    "underlineColors": [
      {
        "dayColorString": "#000000",
        "nightColorString": "#ffffff"
      },
      {
        "dayColorString": "#c00000",
        "nightColorString": "#eb6a35"
      },
      {
        "dayColorString": "#568a1f",
        "nightColorString": "#7fec0c"
      },
      {
        "dayColorString": "#08737d",
        "nightColorString": "#16e1d2"
      },
      {
        "dayColorString": "#000000",
        "nightColorString": "#ffffff"
      },
      {
        "dayColorString": "#c00000",
        "nightColorString": "#eb6a35"
      },
      {
        "dayColorString": "#568a1f",
        "nightColorString": "#7fec0c"
      },
      {
        "dayColorString": "#08737d",
        "nightColorString": "#16e1d2"
      }
    ],
    "underlineThickness": 2,
    "userDefinedCrossReferencesTextStyle": {
      "dayAndNightColor": {
        "dayColorString": "#7c6098",
        "nightColorString": "#3d0580"
      },
      "fontName": "Droid Sans",
      "isBold": false,
      "isItalic": false,
      "isUnderlined": false,
      "textSize": 15.0
    },
    "verseNumberTextStyle": {
      "dayAndNightColor": {
        "dayColorString": "#777777",
        "nightColorString": "#ffffff"
      },
      "fontName": "PonomarUnicode",
      "isBold": true,
      "isItalic": false,
      "isUnderlined": false,
      "textSize": 13.0
    },
    "verseSpacing": 0.0,
    "verseTextStyle": {
      "dayAndNightColor": {
        "dayColorString": "#000000",
        "nightColorString": "#a6a6a6"
      },
      "fontName": "TriUcs",
      "isBold": false,
      "isItalic": false,
      "isUnderlined": false,
      "textSize": 23.0
    },
    "wordsOfJesusTextStyle": {
      "dayAndNightColor": {
        "dayColorString": "#a43333",
        "nightColorString": "#ffffff"
      },
      "fontName": "TriUcs",
      "isBold": false,
      "isItalic": false,
      "isUnderlined": false,
      "textSize": 23.0
    }
  }
}